0,1,2,3,review_1,review_2,review_3,review_4,review_5,review_6,review_7,review_8,review_9,review_10,review_11,review_12,review_13,review_14,review_15,review_16,review_17,review_18,review_19,review_20,review_21,review_22,review_23,review_24,review_25,review_26,review_27,review_28,review_29,review_30,review_31,review_32,review_33,review_34,review_35,review_36
왜목마을,3.6,당진시 석문면 왜목길 15-5,"['일출명소 ~바다뷰 최고', '어휴시설이 마니 낙후되어있고  식당영업하는곳드문드문..사람도 썰렁....주변이  어지럽고  지저분   명성이 아깝다  ....', '왜가리 목제가 생각하는 어원이 맞는지는 모르겠습니다. 벌써 두번째 방문입니다. 다음에도 또 들리겠습니다.', '서해에서 일출을 볼 수 있는 왜목마을 해수욕장입니다. 날이 좋아서 다행히 잘 봤어요. 한적해서 좋아요!! 일출명소', '절대로 신년에 일출보러 가지마세요주차 스트레스로 정신이 아득해지며사람 머리만 보게 됩니다', '해가  뜨고  진다는 왜목마을수년전에  가본곳  아직  개발이  더 해야 될듯', '마을이란 단어가 붙어있어 양동마을같은 옛날 마을을 생각했는데,그냥 한적한 해안가였다. 해수욕장으로서는 몽돌이 아닌 자갈  때문에 격이 떨어진다.', '주변에 해수욕장 갈라면 그래도 여기까지 와야 하네요 모래사장 거닐니깐 좋네요 그래도 갈매기 안녕', '조용하고 깨끗하고 시설좋고 바다색깔 예쁜 왜목마을.서해대교만 안막히면 자주올텐데.', '1', '왜목마을 해변에서는 텐트설치가 금지구요~ 다만 파라솔, 타프 등 그늘막만 설치가 가능합니다.', 'ㅇㄴㅅ이', '텐트족  너무 많고 주변에 쓰레기 천지 입니다  방문자센터는 근사하게 지어놓고 뭐하는지??  일요일 가니 문 닫혀있고  주차  엉망진창 ㅠㅠ코로나 거리두기도 안 지켜지고 있었습니다  딴  세상인줄  ㅠㅠ', '처음 가봤는데사방이 전깃줄식당가서 새조개 시켜먹고 바가지 제대로 쓰고 왔네요전국에 기분좋게 다녀 올 수 있는데가 얼마나 많은데 여길 또 갈 이유가 없음', '7월말에 퇴근박으로 가서 텐트치고 포장해간것좀 먹으려했는데 19시부터 백사장 내 취식 금지라서 음식 준비해간걸 못먹어서 아쉬웠어요.19시가 넘어서도 취사 및 취식하는 사람, 폭죽 터뜨리는 사람, 텐트에서 음악소리 크게 트는 사람 등 불편해서 텐트친지 30분만에 철수하고 집에서 저녁을 해결했어요철수할때 모기한테 20방넘게 물리기도 하고.. 좋은기억은 딱히 없네요', '횟집 한 번 갔다 개후회함. 밥은 다른 데서 드시길.', '아주낭만적이네요', '아주아주최고예요', '바지락 잡이, 바다 바람 좋아요.', '오래된 하지만 낡지 않은', '한적하고 평온한 마을. 일출과 일몰을 동시에 볼 수 있다.', '일몰은 석문산']",일출명소 ~바다뷰 최고,어휴시설이 마니 낙후되어있고  식당영업하는곳드문드문..사람도 썰렁....주변이  어지럽고  지저분   명성이 아깝다  ....,왜가리 목제가 생각하는 어원이 맞는지는 모르겠습니다. 벌써 두번째 방문입니다. 다음에도 또 들리겠습니다.,서해에서 일출을 볼 수 있는 왜목마을 해수욕장입니다. 날이 좋아서 다행히 잘 봤어요. 한적해서 좋아요!! 일출명소,절대로 신년에 일출보러 가지마세요주차 스트레스로 정신이 아득해지며사람 머리만 보게 됩니다,해가  뜨고  진다는 왜목마을수년전에  가본곳  아직  개발이  더 해야 될듯,"마을이란 단어가 붙어있어 양동마을같은 옛날 마을을 생각했는데,그냥 한적한 해안가였다. 해수욕장으로서는 몽돌이 아닌 자갈  때문에 격이 떨어진다.",주변에 해수욕장 갈라면 그래도 여기까지 와야 하네요 모래사장 거닐니깐 좋네요 그래도 갈매기 안녕,조용하고 깨끗하고 시설좋고 바다색깔 예쁜 왜목마을.서해대교만 안막히면 자주올텐데.,1,"왜목마을 해변에서는 텐트설치가 금지구요~ 다만 파라솔, 타프 등 그늘막만 설치가 가능합니다.",ㅇㄴㅅ이,텐트족  너무 많고 주변에 쓰레기 천지 입니다  방문자센터는 근사하게 지어놓고 뭐하는지??  일요일 가니 문 닫혀있고  주차  엉망진창 ㅠㅠ코로나 거리두기도 안 지켜지고 있었습니다  딴  세상인줄  ㅠㅠ,처음 가봤는데사방이 전깃줄식당가서 새조개 시켜먹고 바가지 제대로 쓰고 왔네요전국에 기분좋게 다녀 올 수 있는데가 얼마나 많은데 여길 또 갈 이유가 없음,"7월말에 퇴근박으로 가서 텐트치고 포장해간것좀 먹으려했는데 19시부터 백사장 내 취식 금지라서 음식 준비해간걸 못먹어서 아쉬웠어요.19시가 넘어서도 취사 및 취식하는 사람, 폭죽 터뜨리는 사람, 텐트에서 음악소리 크게 트는 사람 등 불편해서 텐트친지 30분만에 철수하고 집에서 저녁을 해결했어요철수할때 모기한테 20방넘게 물리기도 하고.. 좋은기억은 딱히 없네요",횟집 한 번 갔다 개후회함. 밥은 다른 데서 드시길.,아주낭만적이네요,아주아주최고예요,"바지락 잡이, 바다 바람 좋아요.",오래된 하지만 낡지 않은,한적하고 평온한 마을. 일출과 일몰을 동시에 볼 수 있다.,일몰은 석문산,,,,,,,,,,,,,,
솔뫼성지,4.6,당진시 우강면 솔뫼로 132,"['옛날보다  엄청 좋아졌어요~^^', '여기도 참 좋습니다. 강추', '김대건 신부의 생가를 중심으로 조성된 공원이다.단순 공원만 있는 게 아니라 큰 규모의 예배당과 작은 예배당도 있다. 특히 작은 예배당의 창은 스테인드글라스로 아름답다.주차장 넓고 입장료 없다. 솔밭도 좋다.', '고요 속에 머무르며 산책하기 좋다.', '천주교인들의 순례성지김대건신부 탄생지', '역사, 영성, 열매가 모두 있는 곳!!', '가볼만합니다👍🏻', '유네스코 세계기념인물로 선정된김대건 신부의 탄생지', '소나무들이 멋있습니다 산책하기도 좋고 김대건 안드레아신부님의 생가도 가볼수 있어서 좋아요. 소성당 내부 스테인드글라스가 멋진 분위기예요.', '제가 가본 성지 중 가장 스케일이 큰 성지였습니다.(미리내랑 호각)잘 꾸며져 있습니다. 확실히 교황님 왔다가면 그 곳은 모든게 변해있습니다.(좋은 뜻으로)주차장도 잘되어 있고 카페도 있으며 특산품까지 판매뿐만 아니라공연, 부스운영 등 지역사회, 단체들과 활발히 연계하는지 컨텐츠가 다양한 편이었습니다.다만 화장실에 휴지가 없어서 난감할 뻔 했던 기억이 있네요.후기 끝.', '우리나라최초의 사제인 성김대건안드레아신부님의 생가터가 있는곳이다. 거의 초장기에 가보고 다시 갔는데 이것저것 오밀조밀 잘 꾸며져있었다.대성전의 스테인드글라스가 화려해서 무슨 의미로 지어졌는지 궁금해졌다.순교성지가 아니고 생가터라 그런걸까...', '당진 가시면 꼭 가보세요.', '최고에요생각보다 넓어서 둘러보기에 좋았습니다.', '대전으로 여행갔다가 솔뫼성지갔습니다.너무더워서 간단히 둘러보고왔어요.', '지나가다 들렀는데 잘해놓았네요.', '김대건신부 탄생200주년 맞이 꼭 방문해봐야할 성지. 성소와 성화의 성지♡', '소나무가 아름다웠어요.한바퀴 가볍게 걷기 좋아요.', '아름다운 성지서울과 가까워 꼭 들릴만한 곳.', '김대건 안드레아 신부님의 생애와 우리나라 천주교회 역사를 되짚어볼수 있어서 정말 좋았습니다그리고 천주교 신자가 아니더라도 소나무가 아름답기 때문에 산책하기 완전 좋은 장소입니다', '김대건 신부님 생가지, 아멘~! 카페솔뫼']",옛날보다  엄청 좋아졌어요~^^,여기도 참 좋습니다. 강추,김대건 신부의 생가를 중심으로 조성된 공원이다.단순 공원만 있는 게 아니라 큰 규모의 예배당과 작은 예배당도 있다. 특히 작은 예배당의 창은 스테인드글라스로 아름답다.주차장 넓고 입장료 없다. 솔밭도 좋다.,고요 속에 머무르며 산책하기 좋다.,천주교인들의 순례성지김대건신부 탄생지,"역사, 영성, 열매가 모두 있는 곳!!",가볼만합니다👍🏻,유네스코 세계기념인물로 선정된김대건 신부의 탄생지,소나무들이 멋있습니다 산책하기도 좋고 김대건 안드레아신부님의 생가도 가볼수 있어서 좋아요. 소성당 내부 스테인드글라스가 멋진 분위기예요.,"제가 가본 성지 중 가장 스케일이 큰 성지였습니다.(미리내랑 호각)잘 꾸며져 있습니다. 확실히 교황님 왔다가면 그 곳은 모든게 변해있습니다.(좋은 뜻으로)주차장도 잘되어 있고 카페도 있으며 특산품까지 판매뿐만 아니라공연, 부스운영 등 지역사회, 단체들과 활발히 연계하는지 컨텐츠가 다양한 편이었습니다.다만 화장실에 휴지가 없어서 난감할 뻔 했던 기억이 있네요.후기 끝.",우리나라최초의 사제인 성김대건안드레아신부님의 생가터가 있는곳이다. 거의 초장기에 가보고 다시 갔는데 이것저것 오밀조밀 잘 꾸며져있었다.대성전의 스테인드글라스가 화려해서 무슨 의미로 지어졌는지 궁금해졌다.순교성지가 아니고 생가터라 그런걸까...,당진 가시면 꼭 가보세요.,최고에요생각보다 넓어서 둘러보기에 좋았습니다.,대전으로 여행갔다가 솔뫼성지갔습니다.너무더워서 간단히 둘러보고왔어요.,지나가다 들렀는데 잘해놓았네요.,김대건신부 탄생200주년 맞이 꼭 방문해봐야할 성지. 성소와 성화의 성지♡,소나무가 아름다웠어요.한바퀴 가볍게 걷기 좋아요.,아름다운 성지서울과 가까워 꼭 들릴만한 곳.,김대건 안드레아 신부님의 생애와 우리나라 천주교회 역사를 되짚어볼수 있어서 정말 좋았습니다그리고 천주교 신자가 아니더라도 소나무가 아름답기 때문에 산책하기 완전 좋은 장소입니다,"김대건 신부님 생가지, 아멘~! 카페솔뫼",,,,,,,,,,,,,,,,
아마존 아쿠아파크 당진,,당진시 신평면 소창길 117 아마존 아쿠아파크 당진 (지번 초대리 114-28),[' '], ,,,,,,,,,,,,,,,,,,,,,,,,,,,,,,,,,,,
왜목마을해수욕장,3.7,당진시 석문면 교로리 844-12,"['일출과 일몰을 볼수 있는 곳  년말에 해너미와 해맞이 인파가 많이 옵니다', '수평선은 아니지만 괜찮은 일출을 볼 수 있어 좋네요.', '언제부터 갯벌과 바다가 당신들 껍니까? 형광조끼입은 아재가 계속 갯벌체험이용료 강제징수하고 다님 ㅎㅎ', '주말이면 사람들로 번잡합니다. 특별할 것 없는 해수욕장 ^^', '10여년을 다녔던 곳인데 다시는 안갈랍니다. 해변 전체가 번영회.어촌계 것이라네요 .자기들이 3천만원 들여서 조개 씨 뿌렸다고 해수욕장 어느곳이든 조개잡으면 무조건 돈내라하고 돈안내면 비아냥에 쌍욕에 잡은조개 발로 차기까지. 백사장에서는 번영회라며 텐트치지 마라하고 어쩌다 봉이 김선달님들만 사는 동네가 되버렸는지 . 나도 조개좀 사다가 바다에 뿌려야겠다.', ""갯벌에서 놀고 있으면 사용료 7천원 걷어가는 동네놀러온 어떤분께 '나가라고!!!'라고 큰 소리로 윽박지르는거 실시간 목격 ㅎ..."", '음 .. 괜찮네요 ~', '아름다운 곳 :)', '주민들과 여행객들의 충돌이 잦은곳.', '왜목해변                          이강석 오늘 왜목해변에는 구름만 어룽질 뿐 해도 뜨지 않는다.마음이 모래사장에 사정없이 패대기쳐진다. 하지만 저 나뭇가지에 새잎 돋듯이해는 또 다시 뜰 것이다.자식 새끼 밥 주듯 어제 저녁부터 홀쭉해진갈매기들 배 채워주니 활짝 날개 펴고 바다 위를 힘차게 비상한다그 곁에 청둥오리들 V자 족문 꼭꼭 찍어 남기며 아산만 하늘을 가로지른다밝음은 어둠이 성장하여 이룩한 발전임을흐릿한 마음 퇴고(推敲)해 본다.', '일출명소 굿너무좋았어요일출명소', '차 진짜 많았는데 통제도 잘되고 주차 공간도 여유로 많이 만들어두고 일출 보기 좋은 동네다 싶었음다만 어디나 그렇듯이 이때다싶어 장사하는 분들 친절은 하신데 가격도 비싸고 체계도 없어서 우왕좌왕하고 핫도그를 그 추운날 밖에 만들어져있던걸 튀겨주시는데 한 1분 지나고 빼신건지 겉만 뜨뜻미지근하고 안에 빵이랑 소시지는 너무 차가워서 실망.. 핫도그 5천원이었음 국화빵도 5천원 10개인데 팥 100원동전보다 적게 들어있고 역시나 엄청 차가워서 노맛그냥 바닷가앞 편의점에서 사먹는게 이득', '흐려서 일출은 못봤지만 조용하고 평화로웠던 바닷가 이름 모를 멍멍이가 따라오고 애교부려서 새벽부터 기분 좋아짐 일출보러 나중에 또 가보고싶다', '동해까지 안 가도 되는 서해안 일출 명소', '바람쏘이러. 갈만함', '일출명소', '근교에서 하루 시간보내기에는 무리가 없네요일몰감상', '물이 얕고 갯벌체험 할 수 있어서 아이들 데리고 놀러오기 좋음돌, 조개류 많아서 꼭 슬리퍼나 아쿠아슈즈 챙겨야함사람이 붐비지않고 근처 편의점, 식당 있음주차장에서 조금 아래로 내려가야 해수욕장이 나옴해수욕장 바로 앞엔 주차 자리가 적음파라솔 만원, 구명조끼 무료로 대여가능', '좋아요 재밌게 놀다왔어요', '물빠지면 조개캐고 물들어오면 물놀이!!!예쁘고 깨끗하고 좋네요~참 일몰도 넘 예뻐요! #일몰감상', '왜가리 조형물 포토스팟 그외엔 별루', '해돋이 가묜 안되는곳…가려면 1시간여유 잡고 가셔요…전 도착 10km거리를 1시간걸렸네요… T-Map 최단거리에….경찰 통제로…아 증말…열심히 돌아 갔은데 경찰 통제로 따라가 보니…♪♬~♬ 그나들목 이더군여….어찌나 화가 나던지…여튼…새해 첫 날부터…망했네요…ㅋㅋ', '솔직히 이 좁은 땅덩어리에 갈곳은 한정적인데.. 차박은 자유라지만 제재가 필요할듯.. 자연경관 환경 다 해치네요. 어딜가나 텐트가 쳐져있고 자동차가 해안선을 다 가리는 3면이 바다지만 인스타 사진 하나 올릴려고 배려없는 자리차지 경관 해치는거 1등인 나라는 대한민국.. 공영주차장에서 숙박할거면 숙박비를 내세요.', '서민가기는 좀.  주인 맘 성질?', '백사장에서 차박러. 야영러. 캠핑러. 숯불러들 때문에 더럽고 지저분. 해변 가는곳마다 고기냄새와 스레기들', '다 좋은데 무개념 차박 야영하는 사람들 때문에 가기 싫은 곳', 'Народу мало, пляж чистый, все удобства есть.', '고모집 근처 해수욕장.. 참 추억이 많은 곳입니다.', '정리도잘되어있고 해루질하기도 좋은곳입니다단지 해루질을 하는데 입장권을 사야하는지도 모르고갔더니 관리하는 할아버지가 여기는 땅만 밟아도 돈내야된다며 아주 불친하게말씀하시네요.아이때문에 입장권 사왔지만...그렇게 훈장찬것처럼... 당신들 당신들하며 막말 하실일은 아닌것같은데...저희 말고도 관광오셨다가 모르시고 뻘에 들어오시는분에게도 절대 친절하지않은...관광지 처음온사람들 많을텐데 화내지말고 설명해주시던가 아님 당신들이란 호칭을 빼시던가  해주셨으면...', '주차할곳이 마땅치 않음... 나중에 보니 모래사장에다가도 막 주차하고 차박하시는 모습을 봤는데..별루일듯 난 그전에 가봐서 주차는 어려웠으나 모래사장은 나름 쾌적했음', '흉물스러운 조형물은 왜 있는건지 이해가 안감..바다 물도 확실히 동해쪽보단 못함. 주변 인근에 관광지들도 부족바닷물에 몸 담그면 피부병 걸릴듯..', '고즈넉하니 좋습니다 ^^', '해변 관리만 좀하면 더 좋지않았을까 싶다 화장실이랑 수도가 참 많다 여름에 문제를 ...^^', '바다가 보인다']",일출과 일몰을 볼수 있는 곳  년말에 해너미와 해맞이 인파가 많이 옵니다,수평선은 아니지만 괜찮은 일출을 볼 수 있어 좋네요.,언제부터 갯벌과 바다가 당신들 껍니까? 형광조끼입은 아재가 계속 갯벌체험이용료 강제징수하고 다님 ㅎㅎ,주말이면 사람들로 번잡합니다. 특별할 것 없는 해수욕장 ^^,10여년을 다녔던 곳인데 다시는 안갈랍니다. 해변 전체가 번영회.어촌계 것이라네요 .자기들이 3천만원 들여서 조개 씨 뿌렸다고 해수욕장 어느곳이든 조개잡으면 무조건 돈내라하고 돈안내면 비아냥에 쌍욕에 잡은조개 발로 차기까지. 백사장에서는 번영회라며 텐트치지 마라하고 어쩌다 봉이 김선달님들만 사는 동네가 되버렸는지 . 나도 조개좀 사다가 바다에 뿌려야겠다.,나가라고!!!,음 .. 괜찮네요 ~,아름다운 곳 :),주민들과 여행객들의 충돌이 잦은곳.,왜목해변                          이강석 오늘 왜목해변에는 구름만 어룽질 뿐 해도 뜨지 않는다.마음이 모래사장에 사정없이 패대기쳐진다. 하지만 저 나뭇가지에 새잎 돋듯이해는 또 다시 뜰 것이다.자식 새끼 밥 주듯 어제 저녁부터 홀쭉해진갈매기들 배 채워주니 활짝 날개 펴고 바다 위를 힘차게 비상한다그 곁에 청둥오리들 V자 족문 꼭꼭 찍어 남기며 아산만 하늘을 가로지른다밝음은 어둠이 성장하여 이룩한 발전임을흐릿한 마음 퇴고(推敲)해 본다.,일출명소 굿너무좋았어요일출명소,차 진짜 많았는데 통제도 잘되고 주차 공간도 여유로 많이 만들어두고 일출 보기 좋은 동네다 싶었음다만 어디나 그렇듯이 이때다싶어 장사하는 분들 친절은 하신데 가격도 비싸고 체계도 없어서 우왕좌왕하고 핫도그를 그 추운날 밖에 만들어져있던걸 튀겨주시는데 한 1분 지나고 빼신건지 겉만 뜨뜻미지근하고 안에 빵이랑 소시지는 너무 차가워서 실망.. 핫도그 5천원이었음 국화빵도 5천원 10개인데 팥 100원동전보다 적게 들어있고 역시나 엄청 차가워서 노맛그냥 바닷가앞 편의점에서 사먹는게 이득,흐려서 일출은 못봤지만 조용하고 평화로웠던 바닷가 이름 모를 멍멍이가 따라오고 애교부려서 새벽부터 기분 좋아짐 일출보러 나중에 또 가보고싶다,동해까지 안 가도 되는 서해안 일출 명소,바람쏘이러. 갈만함,일출명소,근교에서 하루 시간보내기에는 무리가 없네요일몰감상,"물이 얕고 갯벌체험 할 수 있어서 아이들 데리고 놀러오기 좋음돌, 조개류 많아서 꼭 슬리퍼나 아쿠아슈즈 챙겨야함사람이 붐비지않고 근처 편의점, 식당 있음주차장에서 조금 아래로 내려가야 해수욕장이 나옴해수욕장 바로 앞엔 주차 자리가 적음파라솔 만원, 구명조끼 무료로 대여가능",좋아요 재밌게 놀다왔어요,물빠지면 조개캐고 물들어오면 물놀이!!!예쁘고 깨끗하고 좋네요~참 일몰도 넘 예뻐요! #일몰감상,왜가리 조형물 포토스팟 그외엔 별루,해돋이 가묜 안되는곳…가려면 1시간여유 잡고 가셔요…전 도착 10km거리를 1시간걸렸네요… T-Map 최단거리에….경찰 통제로…아 증말…열심히 돌아 갔은데 경찰 통제로 따라가 보니…♪♬~♬ 그나들목 이더군여….어찌나 화가 나던지…여튼…새해 첫 날부터…망했네요…ㅋㅋ,솔직히 이 좁은 땅덩어리에 갈곳은 한정적인데.. 차박은 자유라지만 제재가 필요할듯.. 자연경관 환경 다 해치네요. 어딜가나 텐트가 쳐져있고 자동차가 해안선을 다 가리는 3면이 바다지만 인스타 사진 하나 올릴려고 배려없는 자리차지 경관 해치는거 1등인 나라는 대한민국.. 공영주차장에서 숙박할거면 숙박비를 내세요.,서민가기는 좀.  주인 맘 성질?,백사장에서 차박러. 야영러. 캠핑러. 숯불러들 때문에 더럽고 지저분. 해변 가는곳마다 고기냄새와 스레기들,다 좋은데 무개념 차박 야영하는 사람들 때문에 가기 싫은 곳,"Народу мало, пляж чистый, все удобства есть.",고모집 근처 해수욕장.. 참 추억이 많은 곳입니다.,정리도잘되어있고 해루질하기도 좋은곳입니다단지 해루질을 하는데 입장권을 사야하는지도 모르고갔더니 관리하는 할아버지가 여기는 땅만 밟아도 돈내야된다며 아주 불친하게말씀하시네요.아이때문에 입장권 사왔지만...그렇게 훈장찬것처럼... 당신들 당신들하며 막말 하실일은 아닌것같은데...저희 말고도 관광오셨다가 모르시고 뻘에 들어오시는분에게도 절대 친절하지않은...관광지 처음온사람들 많을텐데 화내지말고 설명해주시던가 아님 당신들이란 호칭을 빼시던가  해주셨으면...,주차할곳이 마땅치 않음... 나중에 보니 모래사장에다가도 막 주차하고 차박하시는 모습을 봤는데..별루일듯 난 그전에 가봐서 주차는 어려웠으나 모래사장은 나름 쾌적했음,흉물스러운 조형물은 왜 있는건지 이해가 안감..바다 물도 확실히 동해쪽보단 못함. 주변 인근에 관광지들도 부족바닷물에 몸 담그면 피부병 걸릴듯..,고즈넉하니 좋습니다 ^^,해변 관리만 좀하면 더 좋지않았을까 싶다 화장실이랑 수도가 참 많다 여름에 문제를 ...^^,바다가 보인다,,
삽교호관광지,4.1,당진시 신평면 삽교천3길 100,"['부모님 모시고 회, 꽃게 먹으러다녀왔는데 퀄리티에 비해 너무 비쌌어요.', '드라이브하기 너무 좋은 곳!!근데 길거리음식은 절대 안사먹어요ㅠㅠ위생보면 절대 못먹음...🤢강아지랑 드라이브하면서 산책하기 너무 좋아요~~', '드라이브 했어요~~  Bhc치킨 맛있어요 포장했어요 신나게 걸었어요 집에와서 댕댕이 얼굴에 진드기 확인!!! 바로 죽였네요 드라이브 굿', '충분한 뻘뷰, 충분한 음식가격, 부족한 볼거리, 거지 갈매기', '삽교호 관광지 옆삽교천 공원이 더 좋음ㅡ뷰 좋고ㅡ조용하고', '포토존', '주차장에서도 놀이기구가 보여 야간에가도 괜찮아요', '사랑이 넘치는 도시 아산의 양카 바이크 집합소', '2인 식대 7만원으로 단합한것이 제일 단점이다', '바닷가 주변에 잔디광장과 산책길이 잘되어 있어 좋아요. 먹고 즐길 곳도 많아요.', '전체적으로 좋아요', 'Lots of places to eat. Kids attraction are in the area and this is a motorcycle hang out']","부모님 모시고 회, 꽃게 먹으러다녀왔는데 퀄리티에 비해 너무 비쌌어요.",드라이브하기 너무 좋은 곳!!근데 길거리음식은 절대 안사먹어요ㅠㅠ위생보면 절대 못먹음...🤢강아지랑 드라이브하면서 산책하기 너무 좋아요~~,드라이브 했어요~~  Bhc치킨 맛있어요 포장했어요 신나게 걸었어요 집에와서 댕댕이 얼굴에 진드기 확인!!! 바로 죽였네요 드라이브 굿,"충분한 뻘뷰, 충분한 음식가격, 부족한 볼거리, 거지 갈매기",삽교호 관광지 옆삽교천 공원이 더 좋음ㅡ뷰 좋고ㅡ조용하고,포토존,주차장에서도 놀이기구가 보여 야간에가도 괜찮아요,사랑이 넘치는 도시 아산의 양카 바이크 집합소,2인 식대 7만원으로 단합한것이 제일 단점이다,바닷가 주변에 잔디광장과 산책길이 잘되어 있어 좋아요. 먹고 즐길 곳도 많아요.,전체적으로 좋아요,Lots of places to eat. Kids attraction are in the area and this is a motorcycle hang out,,,,,,,,,,,,,,,,,,,,,,,,
삽교호놀이공원,4.1,당진시 신평면 삽교천3길 15,"['주야가 다 좋아요', '시설이 썩 좋진 않아지만, 갈 메리트는 있는 곳이라 생각이 듭니다,,,', '차분하게 앉아있다 올수있는곳', '가까운 놀이공원 바다 갈매기 조개 회 해물칼국수', '가족 연인들과 놀러가기 좋은 곳', '음 .. 걍 그래요 ~', '월미도랑 비슷한 분위기, 애들 데리고 가기 좋아요', '가장 큰 장점은 대기시간이 짧다는 것. 대인 기준 놀이기구당 5,500원(대관람차는 6,500원)작은 평수에도 있을 건 다 있고, 근처에 아케이드 오락실, 식음료 즐비. 연인, 솔로, 가족들 모두 만족 중. (*뮤직 익스프레스는 밖에서 음악만 즐기시길 추천승차감 덜그럭. 원심력 개힘듦)', '꼭! 함 가봐요~~~   조개구이가 짱짱!!!', '가격썩은 건 둘째치고 디팡 디제이 싸가지 밥 말아먹음 다섯명이서 왔냐고 물어보셨는데 다섯명이서 왔구나로 들었음 근데 대답 안하는 애들한텐 안 해준다고 대답 안 할거면 디팡 왜 탔냐 이딴 식으로 말씀하시더니 그때부터 운행 끝까지 저희한테 단 한마디도 안 하시고 같이 탄 커플들만 띄워줌 전에 타시던 분들은 거진 10분을 태우셨는데 저흰 체감 3분 정도 탄 듯한 느낌에 실망했는데 좀 이따가 키 문제로 애아빠 분이랑 싸우시더라구요? 애아빠분이 예민하기도 했지만 같이 욕 버럭버럭 하시던데 자르시던가 해야할듯', '주차는 공영주차장에 주차하세요 놀이동산 주차장이라고 나오는 곳은 가깝지만 흙바닥이예요 바로옆에 공영주차장 있습니다 대관람차가 아주 볼만했어요 !!', '아이들과 함께 가면 좋아요^^', '대관람차 야경 볼만해요^^', '입장료가 따로없어서 사진만 찍으러 가도되고 주차도 근처 공용주차장에 무료로 할수 있어서 좋음 10/26기준 추수를 해 버려서 논 뷰는 예쁘지 않지만 그래도 노을 질 시간에 가면 예쁨 놀이기구도 비싸지만 타볼만함', '깡시골치곤 괜찮음', '충남의 을왕리. 관람차 낡고 녹슨 나사에서 끼익~끼익 소리나면서 올라가는데 신변의 위협을 느끼며 제일 스릴있고 재미있게 탔어요. 바이킹 태워주시는분도 친절하셨어요.', '아이들과 놀러와서 재밌게 놀았어요', '간단히 갔다오기 좋네요', '바이킹 타기도 좋고 디스코 팡팡 진짜 재밌습니다.여러분도 꼭 와보시길 바래요.진짜 재밌어요', '저녁시간 도착해서 주변 놀이시설에 들렀는데 타지역 놀이시설보다는 낡은느낌. 식당들은 대체로 어른위주임. 1박한 팬션은 시설은 적당하고 주변농가에서 닭울음 소리에 아침잠을 설치게하네. 삽교호를 보는 뷰는 좋았음.', '바람쐬기 좋은 장소입니다', '너무 시끄러워서..대관람차 타보러 갔는데 음..볼게 없습니다', '관람차 처음 타본다. 재미있다', '바이킹 재밌었어요! 그런데 구글링하다가 케이지에 닫힌 상태로는 반려동물 된다는 말을 봤었는데 직접 가니까 안 되네요..', '사진스팟은 2군데 정도...?  오밀조밀 회전목마 앞에 사진찍으라고 설치한 벤치랑 저거 뭐지 조잡한거 치웠으면....입장료 없는게 최고대관람차 대인 6500원일반놀이기구 5500원', '대관람차 이용했는데 소규모 놀이동산이었지만 충분히 감성적인 여행지였습니다.사진찍기에 괜찮은 곳이기도 하구요', '붕위기 좋음 ㅋ', '폐업 안했습니다...', '요금이 조금올랐지만그럭저럭 놀고올만했네요ㅎ', '재밌어요~ 바이킹 5번 탐,, 너무 재밌어서ㅜㅜ 귀신의 집은 증맬 재미 없어요ㅜ', '월미도 느낌', '놀이기구는 모르겠고 야경찍으면 존예!!', '낮에가서 구경 열심히 하고 커플사진도 찍어주고 왔어요...추운날 가서ㅠㅠ덜덜 떨고..바이킹 타시는분들 보면서 배꼽잡고 웃음ㅋㅋㅋㅋ', '대관람차는 유리가 안보이고 번지드롭은 두번벆에 안내려오네요', ""It's okay. Like a super old carnival or state fair. Dead on weekdays.""]",주야가 다 좋아요,"시설이 썩 좋진 않아지만, 갈 메리트는 있는 곳이라 생각이 듭니다,,,",차분하게 앉아있다 올수있는곳,가까운 놀이공원 바다 갈매기 조개 회 해물칼국수,가족 연인들과 놀러가기 좋은 곳,음 .. 걍 그래요 ~,"월미도랑 비슷한 분위기, 애들 데리고 가기 좋아요","가장 큰 장점은 대기시간이 짧다는 것. 대인 기준 놀이기구당 5,500원(대관람차는 6,500원)작은 평수에도 있을 건 다 있고, 근처에 아케이드 오락실, 식음료 즐비. 연인, 솔로, 가족들 모두 만족 중. (*뮤직 익스프레스는 밖에서 음악만 즐기시길 추천승차감 덜그럭. 원심력 개힘듦)",꼭! 함 가봐요~~~   조개구이가 짱짱!!!,가격썩은 건 둘째치고 디팡 디제이 싸가지 밥 말아먹음 다섯명이서 왔냐고 물어보셨는데 다섯명이서 왔구나로 들었음 근데 대답 안하는 애들한텐 안 해준다고 대답 안 할거면 디팡 왜 탔냐 이딴 식으로 말씀하시더니 그때부터 운행 끝까지 저희한테 단 한마디도 안 하시고 같이 탄 커플들만 띄워줌 전에 타시던 분들은 거진 10분을 태우셨는데 저흰 체감 3분 정도 탄 듯한 느낌에 실망했는데 좀 이따가 키 문제로 애아빠 분이랑 싸우시더라구요? 애아빠분이 예민하기도 했지만 같이 욕 버럭버럭 하시던데 자르시던가 해야할듯,주차는 공영주차장에 주차하세요 놀이동산 주차장이라고 나오는 곳은 가깝지만 흙바닥이예요 바로옆에 공영주차장 있습니다 대관람차가 아주 볼만했어요 !!,아이들과 함께 가면 좋아요^^,대관람차 야경 볼만해요^^,입장료가 따로없어서 사진만 찍으러 가도되고 주차도 근처 공용주차장에 무료로 할수 있어서 좋음 10/26기준 추수를 해 버려서 논 뷰는 예쁘지 않지만 그래도 노을 질 시간에 가면 예쁨 놀이기구도 비싸지만 타볼만함,깡시골치곤 괜찮음,충남의 을왕리. 관람차 낡고 녹슨 나사에서 끼익~끼익 소리나면서 올라가는데 신변의 위협을 느끼며 제일 스릴있고 재미있게 탔어요. 바이킹 태워주시는분도 친절하셨어요.,아이들과 놀러와서 재밌게 놀았어요,간단히 갔다오기 좋네요,바이킹 타기도 좋고 디스코 팡팡 진짜 재밌습니다.여러분도 꼭 와보시길 바래요.진짜 재밌어요,저녁시간 도착해서 주변 놀이시설에 들렀는데 타지역 놀이시설보다는 낡은느낌. 식당들은 대체로 어른위주임. 1박한 팬션은 시설은 적당하고 주변농가에서 닭울음 소리에 아침잠을 설치게하네. 삽교호를 보는 뷰는 좋았음.,바람쐬기 좋은 장소입니다,너무 시끄러워서..대관람차 타보러 갔는데 음..볼게 없습니다,관람차 처음 타본다. 재미있다,바이킹 재밌었어요! 그런데 구글링하다가 케이지에 닫힌 상태로는 반려동물 된다는 말을 봤었는데 직접 가니까 안 되네요..,사진스팟은 2군데 정도...?  오밀조밀 회전목마 앞에 사진찍으라고 설치한 벤치랑 저거 뭐지 조잡한거 치웠으면....입장료 없는게 최고대관람차 대인 6500원일반놀이기구 5500원,대관람차 이용했는데 소규모 놀이동산이었지만 충분히 감성적인 여행지였습니다.사진찍기에 괜찮은 곳이기도 하구요,붕위기 좋음 ㅋ,폐업 안했습니다...,요금이 조금올랐지만그럭저럭 놀고올만했네요ㅎ,"재밌어요~ 바이킹 5번 탐,, 너무 재밌어서ㅜㅜ 귀신의 집은 증맬 재미 없어요ㅜ",월미도 느낌,놀이기구는 모르겠고 야경찍으면 존예!!,낮에가서 구경 열심히 하고 커플사진도 찍어주고 왔어요...추운날 가서ㅠㅠ덜덜 떨고..바이킹 타시는분들 보면서 배꼽잡고 웃음ㅋㅋㅋㅋ,대관람차는 유리가 안보이고 번지드롭은 두번벆에 안내려오네요,"s okay. Like a super old carnival or state fair. Dead on weekdays.""]",
신리성지,4.7,당진시 합덕읍 평야6로 135,"['순교자현양위원회에서 성지순례 다녀갑니다.미사도 드리고 신부님 강론 말씀 들으며 믿음에 대해 깊이 생각해보았습니다. 꼭 다시 오겠습니다.♡', '경건한 마음으로 한바퀴 둘러보면 좋습니다. 풍경이 장관이고 예술입니다.관리 잘 되어 있습니다.', '음 .. 괜찮네요 ~', '월요일 휴무일에 다녀와서조용히 앉아 묵상하고 오니 좋네요..신자가 아니신 분들도눈이 시원해지는 경치와 좋은 바람냄새 맡고 오세요~가을에 황금빛 들판일때한번더 와 보고 싶습니다.', '우강평야 한 가운데 위치하며 넓은 잔디와 조용한 분위기가 좋은 곳이다.많은 사람들이 예쁜 사진 찍느라 바쁘다.', '그냐 편안 하네요', '마음이 경건해지는 느낌', '버그네순례길 11km 걸어서 지나쳐 오는 길이었는데 반려견 금지인지 몰랐습니다입구에서 온게 아니고 뒤쪽 거쳐서 온거라서 뒷편에는 반려견금지 푯말이 없네요몰랐고 사과했습니다근데 여기 수녀님 한 성깔 하시네요계속 째려보고 쫒아오고 짜증내고 예수님 모시는 분이 이래도 되나 이런 수녀님 첨 봄 수녀로서 자질이 부족해보입니다애초에 지구는 인간의 것임이 아닌것을당진시는 버그내순례길 코스안에 신리성지를 빼야할 것 같습니다 차별을 허용하는게 주님의 뜻은아닐테니까요', '넓은 부지를 도는데 많은 시간이 걸렸습니다.', '그림같은 곳입니다.다시 가고푼 신리성지성지는 무거운 마음으로 가곤 했는데이곳 좀 가벼운 마음으로그냥 많은 사람들이 방문하면 좋겠다는 생각이 드네요그래서 사람들이 편하게 다가 갈수있는 그런곳 ^^내 키만한 1000호 사이즈의 성화가 인상적이고카폐 치따 누에보에서 여유있는 마무리가 좋은성지입니다.', '김대건 신부님의 생가地주변을  잘 어울려지게조성해 놓았습니다~', '뷰가 미쳤음. 일요일 미사 있는줄 모르고 갔는데, 끝날 때 마쳐서 사람들 바글바글 몰려나오심. 관광객은 진짜 소수 였는듯하고. 충남 당진 여행중 가장 풍경이 좋았다고 생각함', ""신리성지는 크지도 않고 화려하지도 않습니다.제 와이프는 '농뷰'라고 표현 할만큼 주변에 논 밖에 없어 성지 주변 뷰를 통한 시각적 감동도 느끼기 어렵습니다.다만 저와 제 와이프는 신리성지가 제일 감명 깊은 성지라고 생각합니다.구성물, 건축물, 길, 성당 등 성지를 구성하는 하나하나가 성지의 의미를 되새기게끔 합니다. 추수 후, 황량한 논밭 한복판 안에 있는 신리성지 입구에서 푸름을 잃어가는 잔디 사이 길따라 한 걸음, 한 걸음 걷다보면 차가운 바다가 나를 압도하는 것처럼 분위기를 무겁게 짓누르고 성지에 전시되어 있는 순교자의 발걸음들은 보며 숙연해지고 그동안 스스로가 이기적으로 살아오지 않았나하며 반성하게 되었죠. 그렇게 안내되는 길따라 올라가다보면 탁 트인 광경과 드넓은 광야를 보며 무거웠던 마음과 일상의 스트레스들을 날려버리는 경쾌한 느낌을 받게합니다. '이런게 구원아닐까?'란 생각이 들정도로.미켈란젤로가 구성했던 이탈리아 피렌체 '라우렌시오 도서관'처럼.'어둠에서 시작하여 광명으로 걸어가는' 느낌을 받았습니다.그만큼 신리성지를 구성한 건축가들의 깊은 고심들을 느낄 수 있었습니다.좋은 성지입니다. 꼭 가보시기를 추천드립니다.사진을 많이 찍어둘걸. 걷고 느끼기 바빠서.. 다시 가야겠습니다."", '고즈넉하고 예뻐요! 조용하게 산책하기 좋습니다. 하늘전망대에서 바라보는 풍경도 좋아요.', '당진에 이렇게 고즈넉하게 멋진 곳이 있는 줄 몰랐습니다.초초초강추입니다 ^^', '조용히 좋아요', '참 예쁜 곳인데 순례 온 분들 굉장히 시끄러웠음 ㅜㅠ', '천주교의 박해시절을 시간순서대로 잘 정돈되어있고 각 성자님들의 방이 따로있어서 기도를 올릴 수 있습니다.뷰도 좋아서 사진이 잘나옵니다.', '야박한 예수여기는 예수는 5시에 퇴근 하십니다화장실을 잠그고 퇴근하십니다.어떤분이 그러네요 지옥에나 가라고…화장실 때문에 저 지옥 갑니다…', '말그대로 성지 분위기 있어요', '순교한 신부와 신자들이 잠들어있는조선의 카타콤바', '아름다운 곳이예요.성당 내부도 작지만 멋있습니다. 여름 가을에 한번 더 와보고싶어요.', '갈매못성지에서 순교하신 다를뤼주교님과 주교님을 보필하고 숨겨주어 같이 순교하게됐던 신자 손자선토마스의 집이있는 기념터입니다. 십자가의길은 주차장쪽에서 부터 1처로 시작됩니다. 장소는 아름답지만 순교미술관에서 알게된 순교로 향하는 그들의 마음은 항상 고맙고도 슬픔이 차오릅니다.', '당진 가는데 신리성지 안가면 손해입니다진짜 고즈넉하고 차분해지는 뷰 입니다무교지만 가서 보는데 전혀 불편한고없구요진짜 뷰가너무좋아요근데종교적장소니까 조심히 다녀야될것같아용ㅎㅎ앞에 있는 카페있는데 거기도 꼭 가세요 분위기 넘 좋아요', '아름다운 곳이네요.', '넘 예뻐요', '한번쯤 가볼만 합니다실내는 코로나 때문에 둘러볼 수 없었어요', '죽을 각오로 믿음을 선택해야 했던 시기의 아픈 기록 그러나 평화', '아름다와요 행복해요. 평화 평화 합니다. 또 가고 싶다', '조용하고 외국같아요', '지금 코로나 때문에 입장불가', '뷰티플한 성당~ 여기 핑크고래 잇다', '마음의평화를 가져다주기에 이곳만한 곳이 없습니다. 다만, 애정행각을 할 경우 수녀님께 제지당할 수 있으니 주의하세요.']",순교자현양위원회에서 성지순례 다녀갑니다.미사도 드리고 신부님 강론 말씀 들으며 믿음에 대해 깊이 생각해보았습니다. 꼭 다시 오겠습니다.♡,경건한 마음으로 한바퀴 둘러보면 좋습니다. 풍경이 장관이고 예술입니다.관리 잘 되어 있습니다.,음 .. 괜찮네요 ~,월요일 휴무일에 다녀와서조용히 앉아 묵상하고 오니 좋네요..신자가 아니신 분들도눈이 시원해지는 경치와 좋은 바람냄새 맡고 오세요~가을에 황금빛 들판일때한번더 와 보고 싶습니다.,우강평야 한 가운데 위치하며 넓은 잔디와 조용한 분위기가 좋은 곳이다.많은 사람들이 예쁜 사진 찍느라 바쁘다.,그냐 편안 하네요,마음이 경건해지는 느낌,버그네순례길 11km 걸어서 지나쳐 오는 길이었는데 반려견 금지인지 몰랐습니다입구에서 온게 아니고 뒤쪽 거쳐서 온거라서 뒷편에는 반려견금지 푯말이 없네요몰랐고 사과했습니다근데 여기 수녀님 한 성깔 하시네요계속 째려보고 쫒아오고 짜증내고 예수님 모시는 분이 이래도 되나 이런 수녀님 첨 봄 수녀로서 자질이 부족해보입니다애초에 지구는 인간의 것임이 아닌것을당진시는 버그내순례길 코스안에 신리성지를 빼야할 것 같습니다 차별을 허용하는게 주님의 뜻은아닐테니까요,넓은 부지를 도는데 많은 시간이 걸렸습니다.,그림같은 곳입니다.다시 가고푼 신리성지성지는 무거운 마음으로 가곤 했는데이곳 좀 가벼운 마음으로그냥 많은 사람들이 방문하면 좋겠다는 생각이 드네요그래서 사람들이 편하게 다가 갈수있는 그런곳 ^^내 키만한 1000호 사이즈의 성화가 인상적이고카폐 치따 누에보에서 여유있는 마무리가 좋은성지입니다.,김대건 신부님의 생가地주변을  잘 어울려지게조성해 놓았습니다~,"뷰가 미쳤음. 일요일 미사 있는줄 모르고 갔는데, 끝날 때 마쳐서 사람들 바글바글 몰려나오심. 관광객은 진짜 소수 였는듯하고. 충남 당진 여행중 가장 풍경이 좋았다고 생각함",농뷰,이런게 구원아닐까?,라우렌시오 도서관,어둠에서 시작하여 광명으로 걸어가는,고즈넉하고 예뻐요! 조용하게 산책하기 좋습니다. 하늘전망대에서 바라보는 풍경도 좋아요.,당진에 이렇게 고즈넉하게 멋진 곳이 있는 줄 몰랐습니다.초초초강추입니다 ^^,조용히 좋아요,참 예쁜 곳인데 순례 온 분들 굉장히 시끄러웠음 ㅜㅠ,천주교의 박해시절을 시간순서대로 잘 정돈되어있고 각 성자님들의 방이 따로있어서 기도를 올릴 수 있습니다.뷰도 좋아서 사진이 잘나옵니다.,야박한 예수여기는 예수는 5시에 퇴근 하십니다화장실을 잠그고 퇴근하십니다.어떤분이 그러네요 지옥에나 가라고…화장실 때문에 저 지옥 갑니다…,말그대로 성지 분위기 있어요,순교한 신부와 신자들이 잠들어있는조선의 카타콤바,아름다운 곳이예요.성당 내부도 작지만 멋있습니다. 여름 가을에 한번 더 와보고싶어요.,갈매못성지에서 순교하신 다를뤼주교님과 주교님을 보필하고 숨겨주어 같이 순교하게됐던 신자 손자선토마스의 집이있는 기념터입니다. 십자가의길은 주차장쪽에서 부터 1처로 시작됩니다. 장소는 아름답지만 순교미술관에서 알게된 순교로 향하는 그들의 마음은 항상 고맙고도 슬픔이 차오릅니다.,당진 가는데 신리성지 안가면 손해입니다진짜 고즈넉하고 차분해지는 뷰 입니다무교지만 가서 보는데 전혀 불편한고없구요진짜 뷰가너무좋아요근데종교적장소니까 조심히 다녀야될것같아용ㅎㅎ앞에 있는 카페있는데 거기도 꼭 가세요 분위기 넘 좋아요,아름다운 곳이네요.,넘 예뻐요,한번쯤 가볼만 합니다실내는 코로나 때문에 둘러볼 수 없었어요,죽을 각오로 믿음을 선택해야 했던 시기의 아픈 기록 그러나 평화,아름다와요 행복해요. 평화 평화 합니다. 또 가고 싶다,조용하고 외국같아요,지금 코로나 때문에 입장불가,뷰티플한 성당~ 여기 핑크고래 잇다,"마음의평화를 가져다주기에 이곳만한 곳이 없습니다. 다만, 애정행각을 할 경우 수녀님께 제지당할 수 있으니 주의하세요."
석문방조제,4.3,당진시 송산면 가곡리,"['뷰맛집. 근처 차박러들 쓰레기는 좀 치우세요', '멋진 곳입니다.', '낙씨하기. 정말좋은곳이네요', '별로에요.조개구역', '.ㅑㅐㅏㅣㅔㅔㅔㅅㅣㅣ.ㅣㅡㅣ.ㅣ.moĺppp4ㅔ유채ㅔ', '드라이브코스 대박', '예상보다 너무 좋은 뷰가 괜찮내요 낚시하는 분들 진짜 많움', 'Healing', '낚시하기좋아서~', 'Поймали рыбку))) Комаров очень много, поэтому одеваться надо с ног до головы))', '낙조가 멋있는 곳~~~^^그리운 내고향~~~^^', '공장 굴뚝연기 때문에 여기만 뿌야']",뷰맛집. 근처 차박러들 쓰레기는 좀 치우세요,멋진 곳입니다.,낙씨하기. 정말좋은곳이네요,별로에요.조개구역,.ㅑㅐㅏㅣㅔㅔㅔㅅㅣㅣ.ㅣㅡㅣ.ㅣ.moĺppp4ㅔ유채ㅔ,드라이브코스 대박,예상보다 너무 좋은 뷰가 괜찮내요 낚시하는 분들 진짜 많움,Healing,낚시하기좋아서~,"Поймали рыбку))) Комаров очень много, поэтому одеваться надо с ног до головы))",낙조가 멋있는 곳~~~^^그리운 내고향~~~^^,공장 굴뚝연기 때문에 여기만 뿌야,,,,,,,,,,,,,,,,,,,,,,,,
삼선산수목원,4.3,당진시 고대면 삼선산수목원길 79,"['아기자기하게 볼 것도 많고게다가 무료개방해주셔서 너무나 감사하네요. ^^무료주차장에 전기차충전소도 있습니다.부근에 오시면 꼭 들려보셔야 합니다.', '입장&주차 무료. 월요일 휴무. 약 6만평. 전체 대부분 둘러보려면 최소 2시간은 잡아야.웬만한 유료 수목원 이상으로 신경 써서 잘 꾸며 놓았음. 시설이 꽤 잘 갖춰져 있는데, 특히 아동용 시설이 여럿. 봄에 꽃 꽤 많고, 출렁다리도 있음. 1km 가까운 황톳길의 양쪽 끝에는 발 씻는 시설도 있고, 전체적으로 완만한 언덕을 오르락내리락하는 정도라 지루하지 않게 산책하기 좋음. 이 정도로 갖춘 수목원이 완전 무료인 경우는 전국에 얼마 안됨. 5000원쯤 받아도 납득. 한적한 곳이라 근처에 (삼선산점빵, 수목원 카페 정도 말고는) 식당 같은 게 거의 없다는 점, 수목의 다양성은 아쉬운 부분. 4~5월 봄꽃철, 9~11월 중순 가을꽃/단풍철에 이 근처 왔다면, 특히 아동 동반 가족이라면 방문해보길 적극 추천.※ 2024년 봄 기준, 양호하면서 무료인 수목원 몇 군데 : 대전 한밭수목원 (수목원계의 혜자, 강추), 청주 미동산수목원, 여주 황학산수목원 등', '큰 기대없이 방문했는데요시설도 잘되어있고너무좋았습니다입구 까페도 좋구요', '수목원이 평지가 아닌 산으로 아름다운 꽃과 맨발로 걸어갈수 있는 곳! 정말 아내와 오랜만에 즐거운 추억 남겼네요.', '애들 놀기 좋고 편하게 산책할 수 있는 곳', '산책하기 매우 좋아요 굿굿!!!', '너무 잘 꾸며져 있는데 무료라 놀람 입장료를 받고 내부 관리를 더 하면 어떨까 싶음! 테마를 가진 여러 공간을 둘러볼 수 있어서 좋았음 완전 힐링스팟!!', '잘 꾸며져있습니다', '근처에 있으면 계절마다 가기 좋을 듯', '수목원 자체는 진짜 괜찮음!!! 놀이터 짱!!!이 수목원 조성하신 분들이 진짜 신경 많이 쓴 티가 남. 체험꺼리도 많아서 아이들과 가기 진짜 좋았음.수목원카페는 너무 별로였음. 맛, 가격, 분위기, 서비스 다...ㅠㅠ', '수목원까페 가휴게실(수목원사무실-중턱쯤에있음)시니어까페임(노노까페?)맛 괞찮은편임수유실 있음', '아기들 즐길거리가 참많아요~~', '번돈을 쓸 수밖에 없고더벌어도 결국은 가족중 누군가가 쓰게된다는..부자가 돈 쓰는 착한 일중에식물원이 의뜸이려나? 싶은 생각하며 돈 못버는 탓을 안했습니다', '너무 좋아용', '주말엔 차 막혀 못 들어갑니다  헛걸음 하지 마세요', '코로나땀시 집에만 머무르다 햇빛을 보기힘들었어서 맘먹고 갔는데 너무좋았어요 날씨는 추웠지만 개운했습니다 산도오르고 정상까지도가고 아주좋았습니다', '아이가 너무 좋아하고 관리가 너무 잘 되어 있어 최고예요', '애기들 델꼬 가기에 딱 좋아요  ( ˘ ³˘)♥', '개장한지 2년된 수목원이라 솔직히 볼 것이 없음. 계절적으로 여러 꽃들을 조성해서 특정 계절에는 꽃구경으로 볼 것이 있겠지만 9월초 지금은 진짜 볼 것이 없었음.제일 안 좋은 점은 울창한 나무들이 없어서 땡볕을 걸어야한다는 점!! 맨 윗쪽엔 편백나무 숲을 조성하는 듯한데 최소 10년 이상이 되야 볼만하지 않을까? 여름에 맑은 날엔 그늘이 없어서 떠 죽을듯', '2017년 조성되어 아직 울창하지는 않지만 시간이 흐를수록 보기 좋을것같습니다. 아이들이랑 다녀가도 좋을듯 합니다 아직은 입장료를 안받네요', '무료', '멋진곳입니다.', '오늘 가본 삼선산수목원은 2017년4월28일부터 시작한 수목원이라 깨끗하고 관리가 잘 되어 좋았으나 수목원 개장이 1년 조금된만큼 아직 나무들이 울창하게 자라지않아서 앞으로도 지금처럼 유지 관리가된다면 정말 좋은 수목원이 될것같습니다.']",아기자기하게 볼 것도 많고게다가 무료개방해주셔서 너무나 감사하네요. ^^무료주차장에 전기차충전소도 있습니다.부근에 오시면 꼭 들려보셔야 합니다.,"입장&주차 무료. 월요일 휴무. 약 6만평. 전체 대부분 둘러보려면 최소 2시간은 잡아야.웬만한 유료 수목원 이상으로 신경 써서 잘 꾸며 놓았음. 시설이 꽤 잘 갖춰져 있는데, 특히 아동용 시설이 여럿. 봄에 꽃 꽤 많고, 출렁다리도 있음. 1km 가까운 황톳길의 양쪽 끝에는 발 씻는 시설도 있고, 전체적으로 완만한 언덕을 오르락내리락하는 정도라 지루하지 않게 산책하기 좋음. 이 정도로 갖춘 수목원이 완전 무료인 경우는 전국에 얼마 안됨. 5000원쯤 받아도 납득. 한적한 곳이라 근처에 (삼선산점빵, 수목원 카페 정도 말고는) 식당 같은 게 거의 없다는 점, 수목의 다양성은 아쉬운 부분. 4~5월 봄꽃철, 9~11월 중순 가을꽃/단풍철에 이 근처 왔다면, 특히 아동 동반 가족이라면 방문해보길 적극 추천.※ 2024년 봄 기준, 양호하면서 무료인 수목원 몇 군데 : 대전 한밭수목원 (수목원계의 혜자, 강추), 청주 미동산수목원, 여주 황학산수목원 등",큰 기대없이 방문했는데요시설도 잘되어있고너무좋았습니다입구 까페도 좋구요,수목원이 평지가 아닌 산으로 아름다운 꽃과 맨발로 걸어갈수 있는 곳! 정말 아내와 오랜만에 즐거운 추억 남겼네요.,애들 놀기 좋고 편하게 산책할 수 있는 곳,산책하기 매우 좋아요 굿굿!!!,너무 잘 꾸며져 있는데 무료라 놀람 입장료를 받고 내부 관리를 더 하면 어떨까 싶음! 테마를 가진 여러 공간을 둘러볼 수 있어서 좋았음 완전 힐링스팟!!,잘 꾸며져있습니다,근처에 있으면 계절마다 가기 좋을 듯,"수목원 자체는 진짜 괜찮음!!! 놀이터 짱!!!이 수목원 조성하신 분들이 진짜 신경 많이 쓴 티가 남. 체험꺼리도 많아서 아이들과 가기 진짜 좋았음.수목원카페는 너무 별로였음. 맛, 가격, 분위기, 서비스 다...ㅠㅠ",수목원까페 가휴게실(수목원사무실-중턱쯤에있음)시니어까페임(노노까페?)맛 괞찮은편임수유실 있음,아기들 즐길거리가 참많아요~~,번돈을 쓸 수밖에 없고더벌어도 결국은 가족중 누군가가 쓰게된다는..부자가 돈 쓰는 착한 일중에식물원이 의뜸이려나? 싶은 생각하며 돈 못버는 탓을 안했습니다,너무 좋아용,주말엔 차 막혀 못 들어갑니다  헛걸음 하지 마세요,코로나땀시 집에만 머무르다 햇빛을 보기힘들었어서 맘먹고 갔는데 너무좋았어요 날씨는 추웠지만 개운했습니다 산도오르고 정상까지도가고 아주좋았습니다,아이가 너무 좋아하고 관리가 너무 잘 되어 있어 최고예요,애기들 델꼬 가기에 딱 좋아요  ( ˘ ³˘)♥,개장한지 2년된 수목원이라 솔직히 볼 것이 없음. 계절적으로 여러 꽃들을 조성해서 특정 계절에는 꽃구경으로 볼 것이 있겠지만 9월초 지금은 진짜 볼 것이 없었음.제일 안 좋은 점은 울창한 나무들이 없어서 땡볕을 걸어야한다는 점!! 맨 윗쪽엔 편백나무 숲을 조성하는 듯한데 최소 10년 이상이 되야 볼만하지 않을까? 여름에 맑은 날엔 그늘이 없어서 떠 죽을듯,2017년 조성되어 아직 울창하지는 않지만 시간이 흐를수록 보기 좋을것같습니다. 아이들이랑 다녀가도 좋을듯 합니다 아직은 입장료를 안받네요,무료,멋진곳입니다.,오늘 가본 삼선산수목원은 2017년4월28일부터 시작한 수목원이라 깨끗하고 관리가 잘 되어 좋았으나 수목원 개장이 1년 조금된만큼 아직 나무들이 울창하게 자라지않아서 앞으로도 지금처럼 유지 관리가된다면 정말 좋은 수목원이 될것같습니다.,,,,,,,,,,,,,
면천읍성,3.9,당진시 면천면 성상리 930-1,"['옛 모습이 잘 보존 되어있어 인상적임', '관광보다는 문화유산 보존과 관리 차원으로 생각해야 한다.', '관광하기에는 너무 초라한 시설설명도 시설도 부족', '다른 읍성이 너무 잘 되어 있어 그런가 작은 느낌이고 관광지보단 그냥 동네느낌이라 좋게 말하면 조용히 둘러보긴 좋고 나쁘게 말하면 너무 작아서 굳이 들리진 않아도 되는 곳..', '아담한 성으로써 정비가 잘 되어 있고주변에 독창적인 페인팅과 콩국수 맛집과 카페 등이 있고주차장도 넓어 접근성도 좋음', '레트로느낌의 복원성곽', '가볼만 한곳........ 성곽 복원 작업을 하는것 같았는데 끝냈는지 모르겠네요', '이런 곳이 있었다니']",옛 모습이 잘 보존 되어있어 인상적임,관광보다는 문화유산 보존과 관리 차원으로 생각해야 한다.,관광하기에는 너무 초라한 시설설명도 시설도 부족,다른 읍성이 너무 잘 되어 있어 그런가 작은 느낌이고 관광지보단 그냥 동네느낌이라 좋게 말하면 조용히 둘러보긴 좋고 나쁘게 말하면 너무 작아서 굳이 들리진 않아도 되는 곳..,아담한 성으로써 정비가 잘 되어 있고주변에 독창적인 페인팅과 콩국수 맛집과 카페 등이 있고주차장도 넓어 접근성도 좋음,레트로느낌의 복원성곽,가볼만 한곳........ 성곽 복원 작업을 하는것 같았는데 끝냈는지 모르겠네요,이런 곳이 있었다니,,,,,,,,,,,,,,,,,,,,,,,,,,,,
행담도,4.5,당진시 신평면 매산리 516-4,"['휴게소로 바뀐 비운의 섬1', '가끔생각날때 지인들과 동행해서 다녀오는데 힐링도됩니다.추천하고싶네요^^', '한곳에서 여러가지를 한번에 볼수있어서 좋습니다', '모다아울렛.손님이 너무 없어서 안쓰러움.넓고 경관도 좋아서 콘텐츠화하면 활성화될거같은데', '무한도전 서해안 고속도로 가요제 촬영한 곳.. 휴게소가 섬에 있어서 이색적이다', '해수출입구를 통해 휴게소에서 아산만 갯벌로 내려갈수 있습니다.']",휴게소로 바뀐 비운의 섬1,가끔생각날때 지인들과 동행해서 다녀오는데 힐링도됩니다.추천하고싶네요^^,한곳에서 여러가지를 한번에 볼수있어서 좋습니다,모다아울렛.손님이 너무 없어서 안쓰러움.넓고 경관도 좋아서 콘텐츠화하면 활성화될거같은데,무한도전 서해안 고속도로 가요제 촬영한 곳.. 휴게소가 섬에 있어서 이색적이다,해수출입구를 통해 휴게소에서 아산만 갯벌로 내려갈수 있습니다.,,,,,,,,,,,,,,,,,,,,,,,,,,,,,,
한진포구 전망대,4.3,당진시 송악읍 한진리,"['비가 부슬부슬 오는 날 한진포구 해상데크길 걷기해상데크길은 설치한지는 얼마 안된 듯 합니다.고대지구 근린공원까지 연결되어 있네요\u200b', '잠깐 들렀는데 한적하고 좋았어요', '식후 산책용. 특별함은 없다.', '음 .. 걍 그래요 ~', '고대지구 근린공원까지 연장됨', '내비가 잘못 가리켜 차를 돌리다 혹시나 싶어 길가에 주차를 하고 둘러봤는데, 좋았다. 대한민국 공무원들 일을 하지 않는다는 생각을 했다. 내비 만드는 곳이 얼마나 된다고? 아무리 시설을 잘 해놓아도 찾아오기 불편하면 발길을 돌리게 되는 거다. 새로운 시설이 완공되면 내비회사에 상세한 안내문을 보내라.', '멋진곳입니다.']",비가 부슬부슬 오는 날 한진포구 해상데크길 걷기해상데크길은 설치한지는 얼마 안된 듯 합니다.고대지구 근린공원까지 연결되어 있네요\u200b,잠깐 들렀는데 한적하고 좋았어요,식후 산책용. 특별함은 없다.,음 .. 걍 그래요 ~,고대지구 근린공원까지 연장됨,"내비가 잘못 가리켜 차를 돌리다 혹시나 싶어 길가에 주차를 하고 둘러봤는데, 좋았다. 대한민국 공무원들 일을 하지 않는다는 생각을 했다. 내비 만드는 곳이 얼마나 된다고? 아무리 시설을 잘 해놓아도 찾아오기 불편하면 발길을 돌리게 되는 거다. 새로운 시설이 완공되면 내비회사에 상세한 안내문을 보내라.",멋진곳입니다.,,,,,,,,,,,,,,,,,,,,,,,,,,,,,
도비도,3.8,당진시 석문면 난지도리,"['얘는 그렇다 치고좌측논두렁 위 이 돌 산은 뭘까요?', '하나의 횟집만 영업중입니다. 그냥 폐허단지고 아무것도 없습니다.쓰레기 투척하는 차박족만 보이네요.', '폐허단지에요 그냥 노을 보러만 가세용', '여기 싹다 망하고 폐허단지입니다~ 도비도비 거리면서 별점주지도 말고 가지도 마세요!', '도비 이즈 프리', 'Dobi Is Free', '도비는 자유예요', '도비도항 난지도 삼길포tmap기념탑횟집폐허단지']",얘는 그렇다 치고좌측논두렁 위 이 돌 산은 뭘까요?,하나의 횟집만 영업중입니다. 그냥 폐허단지고 아무것도 없습니다.쓰레기 투척하는 차박족만 보이네요.,폐허단지에요 그냥 노을 보러만 가세용,여기 싹다 망하고 폐허단지입니다~ 도비도비 거리면서 별점주지도 말고 가지도 마세요!,도비 이즈 프리,Dobi Is Free,도비는 자유예요,도비도항 난지도 삼길포tmap기념탑횟집폐허단지,,,,,,,,,,,,,,,,,,,,,,,,,,,,
골정저수지,4.6,당진시 면천면 성상리 465,"['근처에서 저녁식사하고 걷기 좋았음. 연꽃 무더기가 잘 관리되는 모양새는 아니었는데 그래도 이런 곳이 있다니!', '연잎으로 뒤덮인 골정지좀만 지나면 꽃봉우리가 활짝 펼칠 기세입니다.', '아름답고 정겨운 곳.산책하면 좋은 곳골정지..', '건곤일초정이 운치 있습니다.', '연암 박지원 님군수시절 지으셨댐']",근처에서 저녁식사하고 걷기 좋았음. 연꽃 무더기가 잘 관리되는 모양새는 아니었는데 그래도 이런 곳이 있다니!,연잎으로 뒤덮인 골정지좀만 지나면 꽃봉우리가 활짝 펼칠 기세입니다.,아름답고 정겨운 곳.산책하면 좋은 곳골정지..,건곤일초정이 운치 있습니다.,연암 박지원 님군수시절 지으셨댐,,,,,,,,,,,,,,,,,,,,,,,,,,,,,,,
아미산,4.4,당진시 면천면 송학리 산 88-2,"['얉으막하지만 당진의 진산입니다.석양이 아름답습니다.유유자적 거닐다맛집 많은 당진에서맛있는 음식 드시고 가면 좋을 듯', '좋아요', '좋아요']",얉으막하지만 당진의 진산입니다.석양이 아름답습니다.유유자적 거닐다맛집 많은 당진에서맛있는 음식 드시고 가면 좋을 듯,좋아요,좋아요,,,,,,,,,,,,,,,,,,,,,,,,,,,,,,,,,
장고항노적봉선착장,4.0,당진시 석문면 장고항로 334-48,"['좋아요', '쓰레기가 너무 많고, 낚시를 하는 사람들이 너무 지져분하게 사용하고 있었음.별로 다시 가고 싶은 생각은. . .']",좋아요,"쓰레기가 너무 많고, 낚시를 하는 사람들이 너무 지져분하게 사용하고 있었음.별로 다시 가고 싶은 생각은. . .",,,,,,,,,,,,,,,,,,,,,,,,,,,,,,,,,,
당진 용천굴,4.6,당진시 석문면 장고항리 625-10,"['물 때를 맞춰서 가지 않아서 안에는 들어갈 수 없었지만 맞바람이 불어 굉장히 시원하네요~ 담배피우는 사람, 텐트쳐놓고 있던 사람들 때문에 금방 사진만 찍고 왔네요', '음 .. 괜찮네요 ~', '당진의 장고항 촛대바위와 썰물로 물이 빠진 바다 안쪽의 용천굴들을 보며 자연의 경이로움에 감탄사가 절로 나왔다', '당진 촛대바위와 용천굴,정말 기맥힌 자연의 산물입니다.', '장고항 왔으면 한번쯤은 들려봐야 하는 곳.뻥 뚤린 갯벌을 보면 마음이 놓인다.근데 왜 리뷰가 없지?']","물 때를 맞춰서 가지 않아서 안에는 들어갈 수 없었지만 맞바람이 불어 굉장히 시원하네요~ 담배피우는 사람, 텐트쳐놓고 있던 사람들 때문에 금방 사진만 찍고 왔네요",음 .. 괜찮네요 ~,당진의 장고항 촛대바위와 썰물로 물이 빠진 바다 안쪽의 용천굴들을 보며 자연의 경이로움에 감탄사가 절로 나왔다,"당진 촛대바위와 용천굴,정말 기맥힌 자연의 산물입니다.",장고항 왔으면 한번쯤은 들려봐야 하는 곳.뻥 뚤린 갯벌을 보면 마음이 놓인다.근데 왜 리뷰가 없지?,,,,,,,,,,,,,,,,,,,,,,,,,,,,,,,
원머리성지,5.0,당진시 신평면 한정리 233,[],,,,,,,,,,,,,,,,,,,,,,,,,,,,,,,,,,,,
당진필경사,4.0,당진시 송악읍 상록수길 97,"['심훈기념관 옆에 있습니다.필경사는 심훈의 집필장소였다고 합니다.', '30여년전. 초등학생때 방문했던 필경사는 기와집 한채만 있었던걸로 기억한다. 지금은 기념관이 있어 방문하니 심훈선생님과 소설 상록수가 알찬 구성으로 되어있어 좋았다.', '좋아요']",심훈기념관 옆에 있습니다.필경사는 심훈의 집필장소였다고 합니다.,30여년전. 초등학생때 방문했던 필경사는 기와집 한채만 있었던걸로 기억한다. 지금은 기념관이 있어 방문하니 심훈선생님과 소설 상록수가 알찬 구성으로 되어있어 좋았다.,좋아요,,,,,,,,,,,,,,,,,,,,,,,,,,,,,,,,,
황무실성지,4.8,당진시 합덕읍 석우리 1013-6,"['감사합니다♡', '근처 소똥냄새가 심하게 나서 힘들었습니다.', '넓지않은곳입니다.십자가의길을할수있습니다.화장실과 주차장있습니다.']",감사합니다♡,근처 소똥냄새가 심하게 나서 힘들었습니다.,넓지않은곳입니다.십자가의길을할수있습니다.화장실과 주차장있습니다.,,,,,,,,,,,,,,,,,,,,,,,,,,,,,,,,,
대호방조제,3.0,당진시 석문면 초락도리,[],,,,,,,,,,,,,,,,,,,,,,,,,,,,,,,,,,,,
서해스파랜드,3.8,당진시 석문면 대호만로 2354,"['왜목마을..의  10.000원의 행복다른 후기에서 보듯 오래된 시설은 맞다....하지만, 관리가 잘되어 있다..깨끗, 청결...식당 메뉴에 술인주도 판다.재방문 예정', '깨끗한데 넘 불친절함 ;; 계속 감시당하는 느낌임 신발장 문 안닫고 나갔다고 큰소리로 꼽줌 아줌마들 그렇게 영업하지 마세요', '샤워장이고 휴게층이고 담배냄새 너무 심합니다']","왜목마을..의  10.000원의 행복다른 후기에서 보듯 오래된 시설은 맞다....하지만, 관리가 잘되어 있다..깨끗, 청결...식당 메뉴에 술인주도 판다.재방문 예정",깨끗한데 넘 불친절함 ;; 계속 감시당하는 느낌임 신발장 문 안닫고 나갔다고 큰소리로 꼽줌 아줌마들 그렇게 영업하지 마세요,샤워장이고 휴게층이고 담배냄새 너무 심합니다,,,,,,,,,,,,,,,,,,,,,,,,,,,,,,,,,
당진천벚꽃길,5.0,당진시 수청동 1111,['벚꽃명소 봄나들이'],벚꽃명소 봄나들이,,,,,,,,,,,,,,,,,,,,,,,,,,,,,,,,,,,
삼봉저수지,4.0,당진시 석문면 삼봉리 1231,"['불루길 장난아님 겁나 많아요(8월15일)! 분위기 좋은 낚시터에 사람이 없는 이유를 알았네요.', '좋은낚시터입니다 베스대박']",불루길 장난아님 겁나 많아요(8월15일)! 분위기 좋은 낚시터에 사람이 없는 이유를 알았네요.,좋은낚시터입니다 베스대박,,,,,,,,,,,,,,,,,,,,,,,,,,,,,,,,,,
안국사지석탑,4.8,당진시 정미면 원당골1길 188,"['우연히 역사. 답사 유트뷰 보고가고 싶었습니다.참으로 정겨운 미륵상.뒤에 있는 침향..우리 조상님과 함께 한 세월이 느껴집니다.', '대형 석불의 위세에  탑이 쬐끔 꿀리나?   탁 트인 곳이라   시원 -석탑의 나라 답게 워낙 불탑이 많아서 상대적으로 저평가  되는 쎄한 느낌 ?', '그래도 구경거리가 있어서 좋았다.', '무료']",우연히 역사. 답사 유트뷰 보고가고 싶었습니다.참으로 정겨운 미륵상.뒤에 있는 침향..우리 조상님과 함께 한 세월이 느껴집니다.,대형 석불의 위세에  탑이 쬐끔 꿀리나?   탁 트인 곳이라   시원 -석탑의 나라 답게 워낙 불탑이 많아서 상대적으로 저평가  되는 쎄한 느낌 ?,그래도 구경거리가 있어서 좋았다.,무료,,,,,,,,,,,,,,,,,,,,,,,,,,,,,,,,
초대저수지,4.0,당진시 신평면 초대리 653,['정말 환상적인 호수입니다.'],정말 환상적인 호수입니다.,,,,,,,,,,,,,,,,,,,,,,,,,,,,,,,,,,,
대난지도,2.7,당진시 석문면 난지1길 167,"['별로', '20160731']",별로,20160731,,,,,,,,,,,,,,,,,,,,,,,,,,,,,,,,,,
난지도,5.0,당진시 석문면 난지도리,"['대난지도와 소난지도와 다리가 생기고 배가 소난지도로 가서 같이 난지도로 불려요배 시간이 정해져있지만 물 들어오는 상황에 따라 바뀌기도 합니다차 도로 포장이 잘 되어있어서 드라이브나 산책, 낚시하기 좋아요배 시간에 맞춰 25인승 버스가 다녀요교통카드 가능하고 배에서 온 사람들 타면 바로 출발하니 배에서 내리고 바로 가세요정류장 아니더라도 목적지 미리 말씀드리면 가는 길에 내려주십니다', '난지한강공원', '서울 난지도랑 이름 같음 ㅋㅋㅋ', 'my name is map']","대난지도와 소난지도와 다리가 생기고 배가 소난지도로 가서 같이 난지도로 불려요배 시간이 정해져있지만 물 들어오는 상황에 따라 바뀌기도 합니다차 도로 포장이 잘 되어있어서 드라이브나 산책, 낚시하기 좋아요배 시간에 맞춰 25인승 버스가 다녀요교통카드 가능하고 배에서 온 사람들 타면 바로 출발하니 배에서 내리고 바로 가세요정류장 아니더라도 목적지 미리 말씀드리면 가는 길에 내려주십니다",난지한강공원,서울 난지도랑 이름 같음 ㅋㅋㅋ,my name is map,,,,,,,,,,,,,,,,,,,,,,,,,,,,,,,,
송악저수지,5.0,당진시 송악읍 가교리 683-7,[],,,,,,,,,,,,,,,,,,,,,,,,,,,,,,,,,,,,
난지섬해수욕장,4.3,당진시 석문면 난지도리,"['너무나 아름다운 서해바다 해수욕장 저녁엔 공단불빛이 화려하게 비춰지는게 더 매력적이였어요보통 봄가을에 다녀오는데 모래가 정말 곱고 맑은날 해수욕장 풍경은 해외 유명 해변 저리가라합니다~~~', '20160731']",너무나 아름다운 서해바다 해수욕장 저녁엔 공단불빛이 화려하게 비춰지는게 더 매력적이였어요보통 봄가을에 다녀오는데 모래가 정말 곱고 맑은날 해수욕장 풍경은 해외 유명 해변 저리가라합니다~~~,20160731,,,,,,,,,,,,,,,,,,,,,,,,,,,,,,,,,,
서해랑길 83코스,0.0,,[' '], ,,,,,,,,,,,,,,,,,,,,,,,,,,,,,,,,,,,
삽교천전망대,5.0,당진시 신평면 삽교천3길 93,['굿'],굿,,,,,,,,,,,,,,,,,,,,,,,,,,,,,,,,,,,
서해랑길 82코스,0.0,,[' '], ,,,,,,,,,,,,,,,,,,,,,,,,,,,,,,,,,,,
석문산,4.3,당진시 석문면 교로리 산 27-4,"['음 .. 괜찮아요', '요기도 담에 혼캠 생각중 ㅎㅎ', '일몰보려고갔지만......', '지금은 공사중(캠핑장이 들어온데요) 하지만 짧은 10산행과 멋진 오션뷰를 볼 수 있는곳 백패킹으로 더할나위없이 너무 좋음']",음 .. 괜찮아요,요기도 담에 혼캠 생각중 ㅎㅎ,일몰보려고갔지만......,지금은 공사중(캠핑장이 들어온데요) 하지만 짧은 10산행과 멋진 오션뷰를 볼 수 있는곳 백패킹으로 더할나위없이 너무 좋음,,,,,,,,,,,,,,,,,,,,,,,,,,,,,,,,
신동저수지,5.0,당진시 대호지면 도이리 668-1,[],,,,,,,,,,,,,,,,,,,,,,,,,,,,,,,,,,,,
안국지,2.7,당진시 정미면 수당리 산 106-2,"['둠벙이였음', '고항집에 온것처럼 푸근하고친절해요~~', '공기좋고 물좋은데 사장님이 좀더 친절했으면 ~~~', '낚시터 환경에 비해 입어료가 너무 비싸고우선 낚시터 사장이  불친절 합니다..낚시터 이용객은 많은데 화장실도 달랑1개 말도 안돼는 시설....근대 입어료가4만원이나..요즘 이런 시설에 누가 4만원이나받는지...참 어이가 없네여.... 토종터라 믿고왔는데..붕어들은 입이 다 찢어지고..무슨에어리언도 아니고... 돈이 아깝네여..오실분들은 신중히 생각하세여..실망과짜증만 납니다...터가 센곳이 아니고..낚시터에 붕어 개체수가없다..  없다...  붕어가 없다..그냥 손맛터로 하는게 더 나을뜻 2만원 짜리손맛터로..', '이런곳에 이런곳이?비경에 반하고수심에 놀라고텃세에 삐지고다음에 또오고입큰붕어 응급실~^^']",둠벙이였음,고항집에 온것처럼 푸근하고친절해요~~,공기좋고 물좋은데 사장님이 좀더 친절했으면 ~~~,낚시터 환경에 비해 입어료가 너무 비싸고우선 낚시터 사장이  불친절 합니다..낚시터 이용객은 많은데 화장실도 달랑1개 말도 안돼는 시설....근대 입어료가4만원이나..요즘 이런 시설에 누가 4만원이나받는지...참 어이가 없네여.... 토종터라 믿고왔는데..붕어들은 입이 다 찢어지고..무슨에어리언도 아니고... 돈이 아깝네여..오실분들은 신중히 생각하세여..실망과짜증만 납니다...터가 센곳이 아니고..낚시터에 붕어 개체수가없다..  없다...  붕어가 없다..그냥 손맛터로 하는게 더 나을뜻 2만원 짜리손맛터로..,이런곳에 이런곳이?비경에 반하고수심에 놀라고텃세에 삐지고다음에 또오고입큰붕어 응급실~^^,,,,,,,,,,,,,,,,,,,,,,,,,,,,,,,
온동저수지,5.0,당진시 고대면 당진포리 892,[],,,,,,,,,,,,,,,,,,,,,,,,,,,,,,,,,,,,
내포문화숲길 아미산방문자센터,0.0,당진시 면천면 아미로 354-2,[' '], ,,,,,,,,,,,,,,,,,,,,,,,,,,,,,,,,,,,
군자정,4.4,당진시 면천면 성상리 778,"['숨겨진 벚꽃명소다.', '군자정 옆으로 대숲바람길 입구가 있습니다.\u200b\u200b\u200b', '아름다운곳', '나만의 벚꽃 명소.충남No.1 벛꽃명소.', '우왕국 붕어들도 많고 옆에 으스스한 폐교건물이 운치를 더 하네여 ㅎㄷㄷㄷ']",숨겨진 벚꽃명소다.,군자정 옆으로 대숲바람길 입구가 있습니다.\u200b\u200b\u200b,아름다운곳,나만의 벚꽃 명소.충남No.1 벛꽃명소.,우왕국 붕어들도 많고 옆에 으스스한 폐교건물이 운치를 더 하네여 ㅎㄷㄷㄷ,,,,,,,,,,,,,,,,,,,,,,,,,,,,,,,
서해랑길 64-4코스(지선4코스),0.0,,[' '], ,,,,,,,,,,,,,,,,,,,,,,,,,,,,,,,,,,,
서해랑길 81코스,0.0,,[' '], ,,,,,,,,,,,,,,,,,,,,,,,,,,,,,,,,,,,
항곡저수지,5.0,당진시 고대면 항곡리 276,[],,,,,,,,,,,,,,,,,,,,,,,,,,,,,,,,,,,,
농심테마파크,3.5,당진시 구봉로 46,"['정말 재밌고 좋은 곳이었는데 지금은 어떤지 모르겠네요.......... 관리 잘 부탁드릴꼐요~!', '괜히 블로그 글에 낚여서 갔더니 할게 아무것도 없음.. 식물원도 문닫혀있었고..']",정말 재밌고 좋은 곳이었는데 지금은 어떤지 모르겠네요.......... 관리 잘 부탁드릴꼐요~!,괜히 블로그 글에 낚여서 갔더니 할게 아무것도 없음.. 식물원도 문닫혀있었고..,,,,,,,,,,,,,,,,,,,,,,,,,,,,,,,,,,
서해랑길 64-6코스(지선6코스),0.0,,[' '], ,,,,,,,,,,,,,,,,,,,,,,,,,,,,,,,,,,,
당진 면천 은행나무,4.3,당진시 면천면 성상리 772-1,"['멋드러진 나무. 잘 관리해서 오래오래 갔으면.', '천년묵은 은행나무입니다.']",멋드러진 나무. 잘 관리해서 오래오래 갔으면.,천년묵은 은행나무입니다.,,,,,,,,,,,,,,,,,,,,,,,,,,,,,,,,,,
