0,cleaned_review,sentiment
BTS 버스정류장,거 랑 주문진 해변 끝 이지만 예쁘니까 아무튼   주말 이라서 그런지 추운 날인데도 줄 서서 사진 찍었어요,긍정적
BTS 버스정류장,맑은 날 가면 경치 정말 좋아요,긍정적
BTS 버스정류장,딸 방탄소년단 팬 이라 강릉 갈 마다 들리는 곳 됐네요 정류장 옆 해변 은 노을 조차도 아름다운 곳 예요,긍정적
BTS 버스정류장,촬영 지라 는 점 빼고는 별로,부정적
BTS 버스정류장,가는 길 살짝 들르자,긍정적
BTS 버스정류장,바다 랑 버스정류장 조합 예뻐서 사진 찍기 좋아요,긍정적
BTS 버스정류장,드라이브 코스 포토 존 벚꽃 명소 여자친구  아미 팬 이라서 갔는데 짱 멋있었음,긍정적
BTS 버스정류장,포토 존 드라이브 명소,긍정적
BTS 버스정류장, 버스 정류장 주차 하기는 쉽지 않았지만 사진 찍기 괜찮았어요,긍정적
BTS 버스정류장,평범한 해변 향호 옆 버스정류장 인데 방탄소년단 인기 실감 는 곳 이었습니다 아직도 줄 서서 기념 사진 찍으시더라고요 당연히 실제 버스 서지 는 않으니 들르시면 기념 사진 남겨 보세요 향호 해변 참 예쁘니 산책 도 하시고요,긍정적
BTS 버스정류장,드라이브 명소 일출명소 포토 존 굿,긍정적
BTS 버스정류장, 앨범 촬영 했던 향호 해변 버스정류장,긍정적
BTS 버스정류장,아름다운 바다 호젓한 버스정류장 줄 서서 사진 찍기 외국인 많이 찾아옴,긍정적
BTS 버스정류장,앨범 촬영장 주문진 가면 볼수 있는 곳  명성 계절 따질수 없을 인기 있는 곳 여행객 뭄빌땐 주차 는 필히 하고 가셔요 가볍게 산책 도 좋아요,긍정적
BTS 버스정류장,재미 삼아 사진 찍으러 한번 들르 기 엔 좋아요 ,긍정적
BTS 버스정류장,엄마 아빠 나날 씨 도 좋았구 하늘 도 너무 이뿌 고참 감사하고 행복한 였어요 추억 만들기 힐링 하고 효도 하구  뽀 에버 가족 뽀 에버,긍정적
BTS 버스정류장,월요일 니까 조용하고 고 즈 녘함 버스정류장 앞 주차 는 하지 않았으면 좋겠음,긍정적
BTS 버스정류장,한번 쯤 가보면 좋을 곳 뷰 도 예쁘고 옆 그네 도 있고 근처 카페 음료 사서 걷기 좋음,긍정적
BTS 버스정류장,지나는 길 요즘 유명 세 타는 장소라 하여 들려 본 곳 풍경 은 탁트인 주문진 해변 있어 좋습니다 작은 정류장 포토 존 표 식이 있는데  팬 분들 라면 좋아할듯 외국 분들 도 계시던데,긍정적
BTS 버스정류장,바다 깨끗하고 풍경 멋져요,긍정적
BTS 버스정류장, 좋아하신다면 함 가볼만 한 곳 뷰 좋아요,긍정적
BTS 버스정류장, 성지 중 가장 유명한 곳 봄날 앨범 재킷 찍은 장소 예요 많은 국내 외국인 아미 끊임없이 방문 하는 곳 이고 뒷 편이 해변 가라 분위기 정말 좋아요,긍정적
BTS 버스정류장,마눌 가고싶 다해 서,부정적
BTS 버스정류장,포토 존,긍정적
BTS 버스정류장,아련한 방탄 봄날 분위기 느낄 수 있는 장소 다시 봄날 올 꽃 피울,긍정적
BTS 버스정류장,뷰 는 좋으나 관리 안 하는 거 같아요 칠이 벗겨져있고 색 바 래 져있음 ,부정적
BTS 버스정류장,도로 변 있구요 셀카 봉 삼각대 필요없어요 폰 만 들고오세용,긍정적
BTS 버스정류장,생각 보다 되게 아담하네요  유명해서 지나가다 들렀는데 평일 이라 그런지 한산했어요,긍정적
BTS 버스정류장,포토 존,긍정적
BTS 버스정류장,아미 성지 인데 바다 풍경 도 굿 랍 니 다 가까운 곳 향 호리 석호 도 꼭 걸어 보세요 넘나 아름다운 벚꽃 길이 에요,긍정적
강릉대도호부 관아,입장료 없어서 그런지 바닥 잔디 도 그렇고 관리 썩 잘 되는 느낌 은 아니고 특별히 볼 게 있는 도 아님 그냥 지나가다 들려 보는 정도,부정적
강릉대도호부 관아,밤 이쁘네요 무료 ,긍정적
강릉대도호부 관아,사진 찍기 짱 예쁘다,긍정적
강릉대도호부 관아,조용한 마당 산책 하고 쉬기 좋아요,긍정적
강릉대도호부 관아,강릉 축제 방문 했는데 너무 좋았음 무료 공연 보다니 강릉시 서울시 보다 나은거 같음 밤 늦게까지 교통 통제 하느라 고생 한 경찰 관계자 분들 고생 하셨습니다,긍정적
강릉대도호부 관아,비오는 날 이라 사람 적어 더욱 고 즈 넉 했으며 직원 분 설명 해주셔서 정말 좋았습니다,긍정적
강릉대도호부 관아,산책 하기 좋아요,긍정적
강릉대도호부 관아,좋아요,부정적
강릉대도호부 관아,미디어아트,긍정적
강릉대도호부 관아,관리 잘 되어서 깨끗해요 도 잘 보고 보호 하면서 둘러보면 참 좋을것 같아요,긍정적
강릉대도호부 관아,강릉대도호부 관아 고려시대 조선시대 걸쳐 중앙 관리 강릉 내려오면 머물던 건물 터 월요일 정기 휴무 라고 써있었는데 일요일 에도 닫혀있었는지 모를 ,부정적
강릉대도호부 관아,최고 에요,긍정적
강릉대도호부 관아,올해 야행 축제 지  짜 재밌었어요,긍정적
강릉선교장,친절  볼거리 입장료,긍정적
강릉선교장,전문가 전국 양반 고택 중 최고 꼽 는다던데 와서 보니 이유 알겠습니다 정시 맞춰 가셔서 꼭 문 화관 광해 님 해설 함께 관람 하십시오 저희 좋은 해설 선생님 만난 덕인 지 모르겠으나 아주 재밌고 유익했습니다 모르고 보면 그냥 기와집 초가집 분 우루루 오셔서 해설 기다리시다가 중 한 분 해설 안 들어도 된다셔서 다 그냥 들어가시던데 해설 듣고 나니 분 애석할 정도 강릉 관광 차 온 은 처음 인데 일행 선교장 제일 좋았다고 합니다 여름 이나 가을 다시 방문 하고 싶습니다 사설 운영 되고 있어서 입장료 는 좀 듭니 다,긍정적
강릉선교장,조용히 산책 하기 좋아요,긍정적
강릉선교장,선교장 숙박 내 도시화 되었나 체험 하고 좌절 숙박 은 비추 허균 생가 무료 추천,부정적
강릉선교장,날 좋아서 좋았습니다 입장료 있어서 조금 아쉽네요,긍정적
강릉선교장,깨끗하고 반듯한 세트 장 같은 유지 비용 많이 들어 입장료 비싼가 분 천원 쓰고 왔어요,부정적
강릉선교장,비쌈,부정적
강릉선교장,분 이면 다 보는데 입장료 천원 은 좀 하다고 생각 합니다 소나무 풍경 은 예뻤습니다,부정적
강릉선교장,비오는 날 분위기 최고 예요 해설 선생님 해설 듣고 선교장 내 카페리 몽 차도 한잔,긍정적
강릉선교장,입장료 는 안 받으시는게 맞습니다 이건,부정적
강릉선교장,강릉 가면 무조건 서 묵음 숙소 사용 되던 곳 아니라 펜션 같은 곳 비 하면 평가 하긴 가면 항상 꿀잠 자고 아침 상쾌하게 일어나는 듯 요 아침 일어나서 둘레길 도 는 도 좋고 매주 오르간 연주 하던데 그게 자연 울리는 파이프 소리 엄청 묘 하고 좋음,긍정적
강릉선교장,일단 가성 비 최악 이라고 말 하고 싶네요 입장료 천원 저렴한 오죽헌 훨씬 볼 거리 도 많고 입장료 아깝지 않습니다 내부 공개 안된 부분 투성이 고 폐쇄된 곳도 많고 경치 도 그닥 다시는 안 올듯 하네요,부정적
강릉선교장,마을 둘레길 도 걸어 보시길,긍정적
강릉선교장,한여름 엔 그늘 적어서 비추 외 계절 엔 넓어서 다니기 좋아요 화장실 도 깨끗,긍정적
강릉선교장,고 즈 넉 한 풍경 좋아하면 추천 분위기 좋아서 산책 하기 좋다 카페나 체험 마감 너무 빨 라서 아쉽다,긍정적
강릉선교장,선교장 입장료 환불 받아서 허균 생가 보내주고 싶다,부정적
강릉선교장,입장료 비해 넘 아무 도 없네요 선교장 내 커피숍 도 넘 비싸요,부정적
강릉선교장,일제 조선총독부 고위 직 있던 친일파 살던 곳 설악산 국립공원 보다 더 비싼 입장료 받고 영업 하고 있다니 반성 하고 부끄러운줄 알아야지 돈 쳐 먹고 있네 라이 퉤퉤 퉤,부정적
강릉선교장,크기 대비 비싼 느낌이긴 하지만 고 즈 넉 해 서 좋아요,긍정적
강릉선교장,고택 스테이,긍정적
강릉선교장,좀 돈 아까 움 생각 보다 볼 게 많진 않아서 기대 보단 별로 였다 연꽃 들어가는 다리 도 내 갔을 땐 막혀있었다,부정적
강릉선교장,입구 되 돌아 나오게 하는 가격,부정적
강릉선교장,선교장 산책로 앉아서 나무 바람 흔들리는 소리 들으면서 쉬 면 넘 좋아용 요기 는 청룡 길 임당,긍정적
강릉선교장,뭐 하러 돈 내고,부정적
강릉선교장,강릉 몇번 다니면서도 곳 몰랐네 가볍게 둘러볼만 한 운치 있는,긍정적
강릉선교장,경포대 옆 고택,긍정적
강릉선교장,한가롭게 옛 고택 돌아보는 쏠쏠한 재미 있어요 박물관 도 작 지만 있어서 유래 도 알수있고 즐거운 이었습니다 연못 연꽃 은 많지 않았지만 송이 연꽃 활짝 피어 있어서 좋았습니다,긍정적
강릉선교장,조선시대 대 저택 아름다운 정취 맛보았습니다,긍정적
강릉선교장,여유 있는 분 에게는 최고 바쁘게 볼 사람 에게는 별로 난 여유 느끼며 보니 좋다 창경궁 연경 당 보는 느낌,긍정적
강릉선교장,명성 입장료 대비 패싱 한 표 보존 가치 는 있어 보이 원형 보존 매우 부족 발품팔 가서 관람 하기엔 부족하다 생각 국가 보물 관람 료 대비 넘 비싸요 유지비 용도 좋지만 저렴한 입장료 홍보 요,부정적
강릉선교장,김덕 자해 님 자세한 설명 들으니 더 재밌고 의미 깊었던 선교장 이었습니다,긍정적
강릉선교장,입장료 천원 비해 볼거리 는 부족,부정적
강릉선교장,이름 비 해 선 그다지 오래된 고택 나름 유명 과거 엔 영화 촬영 도 했다는데,부정적
강릉선교장,선교장 하루 밤 묵었는데요 잠 자기 는 좀 불편하고 잠깐 들려 가볍게 옛 정취 느끼며 산책 하면 좋을 듯 요,긍정적
강릉선교장,가지 마세요 진심 입장료 오천원 아까 움 서울 궁궐 계절 별로 한번 더 가는게 나음 입장료 쓰시 는 건지 연못 연꽃 이라도 좀 쳐내세요 그렇게 키 큰 연잎 처음 봣 요 정글 인 줄 친일파 재산 이라는 데 남이섬 처럼 사재라서 입장료 비싼가요 오죽헌 도 입장료 천원 이던데,부정적
강릉선교장,막 되게 좋진 않고 슬쩍 구경 할만 함,부정적
강릉선교장,아빠 친구 효령대군  대손 집,긍정적
강릉선교장,열 화 당 이라는 사랑 채 인상 적 이었던 시절 변하니 문화재 대한 사람 감흥 도 변하는 듯,부정적
강릉선교장,능소화 너무 예뻤던 곳 가는거 추천,긍정적
강릉선교장,일 본 놈 꺼 임,부정적
강릉선교장,도슨 트 있으니 가능하다면 맞춰 꼭 들으세요 아는 잘 보입니다 집 아름답고 호젓하니 둘러보기 좋았어요,긍정적
강릉선교장,달빛 방문 다녀왔는데 넘 이뻐요 날 밝을 와도 이쁠거 같아요,긍정적
강릉선교장,주변 볼거리 많습니다 굳이,긍정적
강릉선교장,낯선 곳 이고 사진 상 흥미로워 가볼까 했는데 친일파 이근우 재산 이었던 공간 이니 반대 홍보 필요한 듯 문화재 지정 논란 있었다는데 논란 있었다면 철회 해야지 문화재 인 도 참 웃긴,부정적
강릉선교장,연 잔뜩 있는 연못 멋지지만 입장료 비싼 느낌 한 이천원 삼천원 적당 가격,부정적
강릉선교장,입장료 비싼 느낌 이기는하나 부모님 은 연장 자 할인 받으시고 둘레길 도 걷고 여유롭게 한 산책 간만 최고 힐링 되는 엿 어요,긍정적
강릉선교장,고 즈 넉 하니 조용하고 좋아요 해설 맞춰 둘러보면 더 많이 이해 하고 갈 수 있어요 엔 숙박 하러 오고 싶어요,긍정적
강릉선교장,달빛 방문 전 낮 선교장 도 궁금해 좀 더 일찍 방문 해 보았습니다 생각 보다 규모 있어서 놀랐고 보다 이렇게 큰 규모 한 옥 가꾸는데 입장료 천원 전 괜찮은 건가 싶었어요,긍정적
강릉선교장,천원 값어치는 매우 아닌듯 하다,부정적
강릉선교장,달빛 방문 예매 하고 갔는데 너무 좋았습니다 방문 하고싶어요,긍정적
강릉선교장,친일파 명단 포함 된 이근우 후손 소유 하고있는 국가 문화재,부정적
강릉선교장,친일파 퉤퉤,부정적
강릉선교장,멋있지만 가격 비싸요,부정적
강릉선교장,큰 기대 없이 방문 했는데 정말 인상 깊었던 곳 산책로 도 잘 되어있고 포토 존 적당한 공간 여러 군데 있어서 참 좋습니다,긍정적
강릉솔향수목원,정말 잘 꾸며놓고 관리 잘 되어있네요 근데 중간 중간 뱀 조심 써있는데 진짜 뱀 나와요 깜놀 했네요 조심하세요,긍정적
강릉솔향수목원,수목원 중 가장 좋았어요,긍정적
강릉솔향수목원,무료 입장 무료 주차 작은 편이 라 전체 훑어 보는 데 약 시간 산책하기는 좋은데 수목 자체 는 평균 이하 지역 기후 특성 상 늦게까지 봄꽃 남아있는 편,긍정적
강릉솔향수목원,꽃 없는 시기 겨울 에는 암석 원 가보시 기를 추천,부정적
강릉솔향수목원,차가 없으면 가기 힘든 단점 있지만 피톤 치드 잔뜩 힐링,긍정적
강릉솔향수목원,화려한 맛 은 없지만 조용히 걷다 보면 힐링 된다 흐르는 계곡 물 맑고 내려가 직접 느낄 수도 있다 계곡 길 난대 식물원 쭉  턴해 서 숲속 데크 길 내려오는 걸 추천,긍정적
강릉솔향수목원,편안하고 안락한 곳 이에요,긍정적
강릉솔향수목원,강릉시 꼼꼼하게 운영 하는 관리 굿 무료 여서 굿굿,긍정적
강릉솔향수목원,일단 무료 입장 인 점 만족합니다 조경 관리 도 잘 되어 있고 산책로 정비 도 잘 되어 있고요 코스 도 전반 적 한 언 저리 면 둘러볼 수 있을 정도 적당합니다 화장실 도 깨끗합니다 쓰레기 는 버릴 수 있는 곳 없기 때문 들고 되돌아가야 합니다,긍정적
강릉솔향수목원,등산 함 ,긍정적
강릉솔향수목원,비오는 날 가서 한적하고 선선 하니 좋았어요 강릉 오면 들르고 싶은 곳,긍정적
강릉솔향수목원,지인 추천 해줘서 갔는데 너무 좋네요,긍정적
강릉솔향수목원,입장료 없는데 이렇게 관리 잘 되어있다니 산책 하기 너무 좋았어요,긍정적
강릉솔향수목원,산책 하기 너무 좋음 입장료 없음,긍정적
강릉솔향수목원,청량하니 좋아요,긍정적
강릉솔향수목원,무료 고 산책 하기 좋아요,긍정적
강릉솔향수목원,산책로,긍정적
강릉솔향수목원,무료 이용 할 수 있어서 감사 주차장 도 여유 있어서 편하게 이용 했어요,긍정적
강릉솔향수목원,계곡 물 소리 들으며 산책 하기 좋아요,긍정적
강릉솔향수목원,정말 쵝오 무료 물 발도 담글수 잇고 도 너무 조아할듯,긍정적
강릉솔향수목원,추석 연휴 당일 휴 원 입장 불가  입구 돌아 나옴 기회,부정적
강릉솔향수목원,입장료 받는 곳 보다 훨씬 좋아요 무료 인데 시설 관리 잘 돼서 산책 하기도 너무 좋아요 오랜 만 다람쥐 많이 봐서 좋았어요,긍정적
강릉솔향수목원,강릉시 기획 하고 조경 하신 수목원 인가요 정말 기분 좋게 보내다 갑니다 잘 구성 되어고 조경 되어있는 식물 냇가 발 담그기 시설 부모님 넘 넘 좋아하셨어요 입장료 무료 주차장 무료 도 마음 드네 요,긍정적
강릉솔향수목원,자연 경관 빼어나고 산책 하기에 너무 좋은 수목원 임 직접 방문 체험 해 보기 바람 적극 추천 함,긍정적
강릉솔향수목원,부모님 모시 고 집 돌아가는 마지막 날 일 찌 감치 왔는데 정말 좋습니다 소나무 향 피톤 치드 입구 부근 산림 욕 할수 있게 야외 베드 도 몇개 있어서 연세 많으셔서 잠깐 돌아보고 가는데 다시 한번 더 와서 제대로 힐링 하고 가고 싶네요 역대 수목원 중 최고 입장료 도 수목원 조성도 강릉시 칭찬 합니다,긍정적
강릉솔향수목원,월요일 휴무 인거 확인 하고 부모님 화요일 방문 했는데 전날 한글날 휴무 였다고 오늘 영업 중 나오는데 문 닫았네요 지도 영업 중 인거 확인 하고 왔다니까 몰라라 하시고 그거 보고 온 사람 꽤 많았고 관광 차량 오던데 개인 매장 도 아니고 관리 똑바로 하세요 주차 하기 편해요,부정적
강릉솔향수목원,꼭 한번 볼 만 한 곳,긍정적
강릉솔향수목원,굿굿굿 아무 도 몰랐으면 좋겠다,긍정적
강릉솔향수목원,임시 휴업  홈페이지 에도 안내 안되어있네요,부정적
강릉솔향수목원,꼭 다시 방문 하고싶네요,긍정적
강릉솔향수목원,정말 좋아요,부정적
강릉솔향수목원,므나 조은 거,긍정적
강릉솔향수목원,강릉 제대로 힐링 하고 갑니다 강릉 살았으면 매주 주말 마다 방문 했을 같습니다,긍정적
강릉솔향수목원,곳 무료 운영 하다니 너무 좋아요,긍정적
강릉솔향수목원,다람쥐 님 너무 귀엽습니다,긍정적
강릉솔향수목원,조용히 산책 하기 너무 좋았습니다,긍정적
강릉솔향수목원,조용하고 아름답고 난대 식물원 잘 꾸몄네요,긍정적
강릉월화거리,그냥 시장 이랑 구경 하기 좋아요,긍정적
강릉월화거리,년 까지만 해도 사진 같았던 곳 그냥 시장 이었는데 철길 지하 화 하고 천지개벽,부정적
강릉월화거리,관광객 구매 욕망 충족 시켜 주는 곳,긍정적
강릉월화거리,풍물 시장 은 지금 은 다 철거 되었네요,부정적
강릉월화거리,야시장 크고 볼 만해 요,긍정적
강릉월화거리,강릉 월화 거리 는 강릉역 부흥 마을 까지의 철도 있던 자리 형성 된 거리 월화 라는 이름 은 남대천 월화 정 설화 따온 이름 거리 카페 선물가게 밀집 해 있고 안쪽 으로는 강릉 중앙시장 성남 중앙 전통 시장 이어져 있어서 거리 산책 하며 다양한 먹거리 볼거리 즐길 수 있는 곳,부정적
강릉월화거리,기차 길 이렇게 산책로 재탄생 시키다니 정말 훌륭해요 주민 관광객 만족 시키는 아이디어 칭찬 합니다,긍정적
강릉월화거리,시장 맛집 구경 가는 길,긍정적
강릉월화거리,월화 거리 야시장 시작 했다길래 가봤는데 서울 밤 도깨비 야시장 생각 하면 가격 진짜 저렴하고 친절하세요 강릉 지역 상인 분들 하시는 같은데 그런지 더 양심 적 하시는 느낌 메뉴 하나 도 겹 치는 없게 구성 되어있어 좋네요 볼거리 은근 많아요,긍정적
강릉월화거리,생각 보다 야시장 메뉴 맛있었어요,긍정적
강릉월화거리,야시장 아니더라도 충분히 들를만 한 곳 이에요,긍정적
강릉월화거리,강릉 중앙시장 가면 꼭 한번 들어 보는것도 괜찮네요,긍정적
강릉월화거리,폐 철도 새로 꾸며 만든 거리 라고 하는데 생각 보다 짧고 뭐 볼 은 없었지만 한적하고 산책 하기에 나쁘진 않았어요 뒤쪽 가서 길 건너면 야시장 열리는데 여긴 꽤 복작 하긴 하지만 지역 문화 는 좋은 같습니다,긍정적
강릉월화거리,파는 메뉴 다 똑같아서 전 좋아하는게 그냥 중앙시장 가는게 더 나아요,부정적
강릉월화거리,월화 거리 야시장 정말 별로 에요 먹거리 즐비하고 다양할거라 생각 하며 기대했어요 먹고싶단 생각 들지도 저렴하지도 않아요 판매 하 는 상인 도 많지 않아요 강릉 놀러 온 친구 데리 고 땀 흘리며 방문 했다가 미안했어요,부정적
강릉월화거리,걷기 좋음,긍정적
강릉월화거리,철도 없애고 남대천 넘어서까지 깔끔하게 공원 화 중앙시장 옆 이라 거리 카페 먹거리 즐비 잘만 가꾸면 강릉시 핫 한 명소 될 듯,긍정적
강릉월화거리,포토 존,긍정적
강릉카페거리,사람 많고 복잡하고,부정적
강릉카페거리,바람 쐬러 가기 좋은 곳 한산할 골 라서 야함,부정적
강릉카페거리,커피 맛집 많고 바다 가까워 좋고 가고싶당,긍정적
강릉카페거리,툇마루 커피 는 하지 않고 내 입맛 더 라,부정적
강릉카페거리,뷰 참 좋은 거리,긍정적
강릉카페거리,강릉 하면 들러 야할 곳 대신 사람 하고 차도 많음,부정적
강릉카페거리,카페 든 이쁘고 좋아요,긍정적
강릉카페거리,프랜차이즈 많음,긍정적
강릉카페거리,행복한 강릉 여행 였습니다  분위기 최고,긍정적
강릉카페거리,특색 없는 커피집 만 드글드글,긍정적
강릉카페거리,공영 주차장 이용 하여 카페 도 이용 하기 좋고 저녁 산책 하기 너무 좋은 곳,긍정적
강릉카페거리,월 일 너무 추운것 빼곤 좋았음,긍정적
강릉카페거리,주차 문제 만 잘 해결 되면 참 좋은 곳 인데 말 죠,부정적
강릉카페거리,시원한 바닷가 중심 다양하게 예쁜 카페 여서 주위 배경 아름답고 멋지고 너무 마음 들어요,긍정적
강릉카페거리,뷰 도 좋고 주변 예쁜 카페 많아요 공 주차장 무료 주차 가능,긍정적
강릉카페거리,굳이 가야 할 장점,부정적
강릉카페거리,카페 바라보는 안목 해변 몹시 아름답습니다,긍정적
강릉카페거리,가더라도 꼭  층 창가 쪽 가세 요,부정적
강릉카페거리,바다 뷰 전망 좋아서 강릉 가면 항상 찾는 곳 근데 주말 에는 사람 많아서 주차 하기가 너무 어려워요,부정적
강릉카페거리,자동차 무료 주차 때문 길거리 교통 통제 안 됨,부정적
강릉카페거리,예쁜 해변 예쁜 카페 많아요,긍정적
강릉카페거리,장 바닷가 카페 단 주차 지옥 교통 지옥 인파 지옥 강릉 왔으니 가보긴 해야지라는 생각 오면 장점 단점 여실히 느낄 수 있음 꼭 추천 할 수 밖에 없는 묘 한 곳 남자 끼리 와서 별로 였나 싶기도,부정적
강릉카페거리,좋아요,부정적
강릉카페거리,카페 둠,긍정적
강릉카페거리,지나다 들렀는데 캎 레오파드 라고 있어요 거기 서 산 원피스 마음 듭니 다 바다 는 한적한 옥계 좋았어요,긍정적
강릉카페거리,바닷가 앞 커피 한잔,긍정적
강릉카페거리,커피콩 빵 사러 종종 가요,긍정적
강릉카페거리,우리나라  세대 커피 요람 이자 산실 카페 구실 못 하는 곳 너무 많다,긍정적
강릉카페거리,안목 이랑 가까워서 갈 마다 들림,부정적
강릉카페거리,정신 없어서 다른데 갔습니다,부정적
강릉카페거리,좋아요,부정적
강릉카페거리, 안목 해변 있는 다양한 커피 맛 볼 수 있는 곳 카페 키크 러스 보헤미안 테라로사 산토리니 공갈 타샤 엘빈 유명하다 커피 좋아하는 분 은 꼭 한번 가보면 좋을듯 주변 흔한 프랜차이즈 커피 전문점 과는 맛 사진 카페 거리 전경,긍정적
강문해변,목숨 걸고 가야 하는 곳,부정적
강문해변,근처 먹을 거리 도 좀 있고 해변 다 가봤는데 강문 해변 제일 이쁘더라구요 사진 찍 곳도 많아요,긍정적
강문해변,예뻐요 포토 존 굿굿,긍정적
강문해변,물놀이 하기 좋아요,긍정적
강문해변,내 사랑 강문 해변 해수욕 보다는 바다 멍 때리기 좋은 곳 사람 바글바글 한 경포 치이기 싫으 신분 추천 관광객 많은 초당 도 가까 움 젠 초당동 밥 먹으면 좀 아쉬움 그냥 시내 식당 가성 비도 좋고 맛 도 좋고 웨이팅 도 적음 무 튼 알랍 강문,긍정적
강문해변,강문 해변 은 바다 진짜 파란색 인 같아요,긍정적
강문해변,해질 쯤 가면 더욱 예뻐요,긍정적
강문해변,월 초 아침 오니 선선 하고 바다 멍 하기 좋았음 시 넘으면서부터 점점 사람 많아짐 공영 주차장 최대 만원 하루 종일 있을까 생각 중,긍정적
강문해변,파도 높고 흐려서 아쉬웠어요 한적합니다,부정적
강문해변,산책 즐기기에 좋아요,긍정적
강문해변,아름다운 저녁 바다 생각 정리 최고,긍정적
강문해변,강릉 가면 꼭 가는 해변,긍정적
강문해변,폐장 한 줄 알았는데 아직도 사람 많았어요 근데 동해 라 그런지 조금 만 가도 수심   여서 사람 깊이 까지는 잘 안 가는 같던데 전 들어갔어요  행복한 하루 였습니다,긍정적
강문해변,경포해수욕장 나들이 좋아요,긍정적
강문해변,편안했고 잘 쉬었어요,긍정적
강문해변,언제나 강원도 바다 는 진심 이지 요,긍정적
강문해변,일출명소 포토 존,긍정적
강문해변,근처 밥 먹고 산책 하기 좋아요,긍정적
강문해변,잔잔한 파도 좋은 곳 바다 바라보기 좋다,긍정적
강문해변,쓰레기 너무 많고요 담배 꽁초 모래 애 묻혀있어요,부정적
강문해변,강릉 강문 해변 은 임업 사업 하는 지인 만난 후 날 일출 보러 간 곳 겨울 강문 해변 최고,긍정적
강문해변,해수욕장 폐장 후 에도 남녀 노소 할것 없이 사람 많아요 모래사장 도 좀 지저분하고 유리 조각 도 있어서 위험해요 공기 도 좀 탁한 느낌,부정적
강문해변,그냥 모래사장 경사 너무 심함,부정적
강문해변,나들이 포토 존,긍정적
강문해변,년 방문 그럭저럭,부정적
강문해변,쪽 아래쪽 두 해변 보다 바람 도 세고 파도 도 높고 큰 편이 고 모래 는 완만 한 편이 에요 서 아래쪽 쭉 걸으면 햇빛 등지 고 걸 수 있지만 가을 엔 바람 아래쪽 정면 불어 와서 그게 좋을 수도 있고 아닐 수도 있네요 혼자 발 담그고 멍 때리기 좋아요,긍정적
강문해변,바다 너무 예뻐요   ,긍정적
강문해변,포토 존,긍정적
강문해변,예뻐요                                        ,긍정적
강문해변,바람 엄청 불었지만 바다 넓고 물이 깨끗해서 좋네요,긍정적
강문해변,바닷가 불꽃놀이 는 불법 인데 대놓고 팔고 있으니 도나 도 하고 있네요,부정적
강문해변, 오후,부정적
강문해변,좋아요,부정적
강문해변,경치 좋고 주차 는 어려움,긍정적
강문해변,시원하고 뷰 좋고 규모 도 적당하고 주차장 도 가깝고 두루 갖춘 해변,긍정적
강문해변,바다 청량해서 너무 좋아요,긍정적
강문해변,날 은 흐렸지만 바다 보니 파도 엄청 치고 지대 힐링 이네 요 가본 바다 중   듭니 다 오고싶어요,긍정적
강문해변,아늑하다,부정적
강문해변,경포 보다 예쁘던데,부정적
강문해변,사람 적어 좋다,긍정적
강문해변,좋아요,부정적
강문해변,바다 맑고 깨끗합니다,긍정적
강문해변,수평선 장관 인 해변,긍정적
강문해변,좋아요 위험 해해 요,긍정적
강문해변,강문 해변 너무 좋쥬,긍정적
강문해변,강 흐르는 문,부정적
강문해변,사진 찍 곳 많네요,부정적
강문해변, 함께 좋아합니다  해변 넓어요,긍정적
강문해변,금요일 갔는데 사람 도 여름철 치고는 그렇게 많지 않고 풍경 예뻐요,긍정적
강문해변,풍경 도 좋고 바다 도 이쁘고 포토 존 도 있구 굿,긍정적
강문해변,아니바 다가 지네 건가 돋자리 못 펴게하고 음식 도 맛없고 엄청 비싸고 놀이기구 가평 만원 하루 종일 노는거 한번 타는데 만  미친 배짱 장사,부정적
강문해변,굿,긍정적
강문해변,바다색 은 이쁘지만 모래 침식 심해 요,부정적
강문해변,해변 예뻐요 사진 도 잘 나오고,긍정적
강문해변,멋지구먼,긍정적
강문해변,이쁘고 수영 하기 좋네요 파도타기,긍정적
강문해변,겨울 바다 시원한 풍경 잘 보았네요,긍정적
강문해변,안목 강문 경포 갔는데 강문 제일 예뻤음 경포 물놀이 하는 가족 단위 많음 안목 물놀이 하는 사람 반 사진 찍는 사람 반 푸른 색 바다 카페 거리 주변 카페 많음 모래 건조하고 잘 털림 강문 물놀이 반 사진 반 맑은 에메랄드 빛 바다 주변 횟집 많음 모래 좀 더 촉촉하고 잘 안 털림,긍정적
강문해변,주차 도편 하고 커피집 은 좀비 싸지만 인생 사진 찍는 용도 면 낫 베드,긍정적
강문해변,넘 예뻐요 깔끔하고,긍정적
강문해변,물이 맑고 좋아요,긍정적
강문해변,풍경 좋은 바다,긍정적
강문해변,주차장 은 협소하 성 수기 에는 주차 못 할 가능성 큼 작년 에도 강릉 속초 물놀이 했는데 가본 곳 중 가장 고요한 바다 였다 경포대 랑 속초 해변 은 파도 너무 질랄 이라 물 다 먹었는데 강문 해변 은 수심 도 낮은 편이 고 훅훅 깊어지는 부분 도 없다 작년 물 누워 떠다니는건 파도 때문 상상 도 못햇 는데 에는 떠다닌듯 샤워 장도 작 지만 뜨거운 물 개 잘나옴,긍정적
강문해변,맑은 하늘 바다 보면서 힐링 하기 너무 좋아요,긍정적
강문해변,해변 아기자기 조물 사진 찍기 좋은 해변,긍정적
강문해변,파라솔 대여 하고 놀고 있었는데 시 쯤에 와서 대여 시 반까지라고 얘기 해서 알겠다고 했는데 짐 놔두고 바닷가 잠깐 다녀온 사이 아무 도 없을 파라솔 도 접고 바닥 까는거 가져가 버리네요 근데 보니 시 분 이럴거면 시 까지라고 하던지 먼저 가져가야 된다고 사람 있을 얘기 하던지 해야지 기분 나쁘네요,부정적
강문해변,비교 적 사람 적고 바다 도 깨끗하고 좋아요 파도 는 아쉬웠어요 큰 파도 없더라 규 요 은근 깊어요 발 푹푹 패 여서 까딱 하다가는 머리 끝 물 잠기 기도 합니다 폐장 했다고 되어있었는데 물놀이 하는 사람 많았어요 가드 도 안전 요원 도 없어서 위험할 수 있을거 같아요 불꽃놀이 하는 분 많아요 서툰 분 은 해변 끝 하시는데 밤 바다 앉아있다가 머리 위로 불꽃 떨어졌습니다 너무 화가 났어요 제지 필요 해보여요,긍정적
강문해변,조용하고 쾌적하고 주차 도 유료 라 널 널하구 좋아요,긍정적
강문해변,경치 좋고 맑고 깨끗한 푸른 바다 마음 설렛 요,긍정적
강문해변,갈 마다 현실 인가  인가 헷갈리는 풍경 보여주는 바다 강문 은 뭔가 특별하다,부정적
강문해변,깔끔하게 관리 되어 있음 공중화장실 도 야외 치고 나름  물 비린내가 덜하고 해변 앞 관광지 처럼 되어있음,긍정적
강문해변,주차 는 공 주차장  바다 는 사랑,긍정적
강문해변,넘 예뻐요  날씨 도 좋고 ,긍정적
강문해변,자율 파라솔 존 사람 많고 대 파라솔 도 만원 밖에 안함 주차장 도 운 좋으면 해변 당첨 이지만 근처 제  주차장 도 가까 움 주차 시간 무료 인거 같음,부정적
강문해변,겨울 파도 어마 무시 공영 주차장 이용 하고 가면 됨 조 타 조아,긍정적
강문해변,멋진 일출 선물 해준 강문 해변 긴 백 사장 고 운모 래 시원한 소 나무숲 뭐 하나 빠짐 없이 완벽한 날 바다 는 늘 좋다 좋은 기억 강문 세인트존스,긍정적
강문해변,강문 해변 먹는 곳 많이 생기기 전 평일 에도 주차공간 없는 년 전까지가 좋았다 안목 처럼 해변 아니라 도심 처럼 빠르게 변해 버렸다,긍정적
강문해변,강릉 여행 중 첫 바다 겨울 바다 진짜 어마 무시하네요 여행 중  번 이나 방문 했어요  파도 너무 센데 앞 보고 싶기는 하고 우산 가리고 앞 가다가 다 젖었습니다  어이없고 웃겼어요 발 진짜 시렸는데 상황 웃 수 있는 저 라서 좋네요 추억 잔뜩 안고 갑니다  ,부정적
강문해변,풍경 좋아요 물 맑고 먹을거 많고,긍정적
강문해변,조용해서 좋네요,긍정적
경포대,굿굿,긍정적
경포대,밤 뷰 좋아요 자전거 타고 가면 좋은 데이트 코스 ,긍정적
경포대,좋아요,부정적
경포대,경포대 해수욕장 은 알아도 강릉 경포대 는 모른다 ,부정적
경포대,엄청 시원함 한여름 낮 낮잠 자기 아주 좋아요,긍정적
경포대,강릉 여행 매일 옴 너무 좋아요,긍정적
경포대,부숴진곳 보수 좀 해놓으면 더 좋을듯,부정적
경포대, 강원도 유형문화재 제  호로 지정 강원도 경포대 경포 해변 주변 이라고 알 고 있었던 일 인 경포호 한 쪽 구석 있는 정자 경포대 라 는걸 이제 알았다 사진 경포대 전경,부정적
경포대,정자 위 올라가면 시원한 바람 불어와서 계속 앉아있고 싶을 정도,긍정적
경포대,강릉 가면 가끔 들렷다 쉬는 곳 인데 에는 문화유산 방문 코스 포함 되어 다시 방문 했지만 도장 은 받지 못 하고 왔어요 혹시 저 유사한 이유 가신다면 늦어도 시 분 까진 도착 해서 문화 해설 자 님 계신 곳 도장 먼저 받으세요 는 시 까지인지 모르고 시 가면 받을수있다 생각 하고 갔는데 광동 풍류 길 중 경포대 만 못 찍은 아쉬움 있었어요 ,부정적
경포대,거지같은 강원도 한해 장사 방비 만원  암만 봐도 강원도 는 진짜 아닌거,부정적
경포대,덩 하나 있지만 햇살 좋음,긍정적
경포대,경포호 바라보는 곳,긍정적
경포대,관광 지는 점수 좀 후 하게 줘야지 음식점 대한 평가 넘 박해서 뭐 지극히 내 갠 적 인평 이니,부정적
경포대,초여름 시원한 바람 맞으면서 느긋하게 잘 쉬어 갑니다,긍정적
경포대,생각 보다 많이 볼건 없다,부정적
경포대,용평 가족 나들이 간 김 바다 보러 경포대 갔는데 역쉬 실망 시키지 않는 동해 바다 였다거 센 바람 바람 장단 맞춰 춤추는 바다 황홀한 하루 였다,긍정적
경포대,학창시절 추억 형 중 하명 지식 신원,긍정적
경포대,경포대 는 정말 잘생겼다,긍정적
경포대,정말 이쁩니당 기분 한결 좋아졌어요,긍정적
경포대,놀기에는 파도 강합니다 해변 수영장 설치 되어있어 좋았어요 주차 시설 협소합니 다,긍정적
경포대,강릉 오면 한번 쯤 꼭 가볼만 한 곳 호수 전체 보이는 뷰 포인트 정자 도 옛스럽고 너무 좋다,긍정적
경포대,문화유산 방문 코스 최고 에요 꼭 다시 가고 푼 장소 수학여행 는 몰랐죠 신흥사 설악산 안 있다는걸 요즘 입장료 무료 대신 주차 료 있어요,긍정적
경포대,월 중순 조명 공사 한 다 고 경포대 진입 막혀있음 주변 이랑 충혼탑 만 둘러볼 수 있음,부정적
경포대,깔끔하게 변한 곳,긍정적
경포대,무료 이고 멋있어요 좋아요,긍정적
경포대,바 닷 공기 좋구 너무 좋아요,긍정적
경포대,과거 엮는 역사 경치  바람,부정적
경포대,풍 광 좋고 너무 시원한 곳 이네 요담 에도 꼭 가고싶네요,긍정적
경포대,그냥 호수 둘레길 걸으면서 방문 하기 조아 요별 건 없긴 함 ,긍정적
경포대,굿,긍정적
경포대,경치 좋고 들어가서 쉴 수가 있다 옛 선조 느긋함을 느낄 수 있는 멋진 곳 경포호 한눈 보인다,긍정적
경포대,물이 너무 더러 움 건더기 너무 떠다님,부정적
경포대,너무 더웠는데 선풍기 튼 처럼 시원해요,긍정적
경포대,꼭 가보세요 풍경 시원한 바람 신발 벗고 들어가 밟는 마룻바닥 넘 좋아요 제발 낙서 는 하지 마시구요,긍정적
경포대,경포 해변 걸어서 오시 면 좋습니다 강력 추천 풍부한 볼거리 풍경 잘난아니네요,긍정적
경포대,강릉 경포대 관동팔경 중 하나로 자연 음미 하며 마음 수양 했던 장소 경포호 풍경 멋지다 국가 문화유산 보물 국가 유산 청 국가 유산 포털 ,긍정적
경포대,한번 쯤 가볼 만해 요 가방 다 메고 걸어가느라 힘들어요,부정적
경포대,경포호 전체 감상 하기에 좋은 곳 잠깐 들렀다 사진 찍고 가기 좋아요,긍정적
경포대,관동팔경 중 제  경이 라고 관동별곡 이나 온갖 고전 문학 등장 하는데 지금 관점 봤을 정도 까지는 아닌거 같구요 근처 숙박 하시는 분 이면 일정 끝내고 저녁 산책 하기 좋습니다 관동별곡 경포대 술 마시면 개 달이 뜬다고 해서 올라가 봤는데 가서 보니 개 밖에 볼수 없더라구요,긍정적
경포대,벚꽃 명소 나들이,긍정적
경포대,솔직히 경포대 근처 둘레길 끝 이고 딱히 볼 건 없는데 경치 자연 바람 죽여줍니다 한 번 쯤 들를만 한 곳 이에요,부정적
경포대,경포대 말로 만 듣고 실제 가보니 탁트힌 뷰 좋다,긍정적
경포대,물이 좀 더럽지만 산책 하기 좋은 곳,긍정적
경포대,아가 랑 오기 좋아요 조용해서,긍정적
경포대,풍경 너무 멋져요 바람 잘 통해 서 여름 가면 시원할 거 같아요 근데 겨울 엔 진짜 추워요 ,긍정적
경포도립공원,무료 주차장 도 많고 풍경 도 좋음,긍정적
경포도립공원,말 필요없는 강릉 최고 관광지 모텔 횟집 만 많고 맥주 같은거 마실수 있는 곳 잘 없다는게 단점,긍정적
경포도립공원,죽기 전 한번 쯤 은 가봐야 하는 아름다운 곳 비 올 특히 아름답다 바다 도 장관,긍정적
경포도립공원,죽기 전 꼭 가보셈,긍정적
경포도립공원,넘 조아요,긍정적
경포해수욕장,강릉 방문 할 마다 들리는 곳 인데 다시 봐도 너무 좋습니다 버스킹 도 재미있고 여기저기 폭죽 터져서 내 돈 안내 고도 불꽃놀이 실컷 볼 수 중앙 광장 바닥 별자리 있어서 자신 별자리 찾아보는 재미 도 있었습니다 주말 에는 새벽 시 시끄러운건 아쉽습니다,긍정적
경포해수욕장,일출명소 포토 존 물놀이,긍정적
경포해수욕장,마차 타고 보트 타고 해변 산책로 도 좋고 가끔 오고 싶은 곳,긍정적
경포해수욕장,파도 많이 치 는 여름날 파라솔 빌려 앉아만 있어도 시트콤,부정적
경포해수욕장,넓고 좋음,긍정적
경포해수욕장,경포해수욕장 은 너무 유명한 곳 이라서 ,긍정적
경포해수욕장,내 고향,긍정적
경포해수욕장,해일 주의보 때매 못 들어갔어요 흑 흑 흑,부정적
경포해수욕장,테라 솔이 없어도 좋다 소나무 그늘 돗자리 만 잘 챙기면 됨,긍정적
경포해수욕장,년 월 기준 튜브 대여 오천원 파라솔 대여 만원 물놀이 하기 너무 좋아요 물 도 깨끗하고요 햇볕 강하기 때문 선크림 은 필수 예요,긍정적
경포해수욕장,경포대 참 좋은데 안 간지도 오래 됐 안 가본 사이 많이 바 꼈겠지,부정적
경포해수욕장,강릉 첫 방문 경포대 해수욕장 경포호 방문 은 강릉 사랑 빠지기에 충분한 경험 제 주 바다 최고 인 줄 만 알았던 우물 안 개구리,긍정적
경포해수욕장,파도 소리,부정적
경포해수욕장, 강원도 강릉시 있는 가장 유명한 동해안 최대 해변   백사 장이 펼쳐져 있고 주변 에는 먹거리 볼거리 많다 사진 노래 자랑 축제 주변 전경,긍정적
경포해수욕장,동해 바다 하 면 경포대,긍정적
경포해수욕장,경포 해변 스태프 티셔츠 입은 남성 두 명 담배 연기 날라와 서 기분 잡 쳤네요 경포 해변 은 엄연히 금연 구역,부정적
경포해수욕장,가보고싶어요,긍정적
경포해수욕장,건더기 너무 많아요 물이 좀 더러 움,부정적
경포해수욕장,수상 휠체어 신청 해서 체험 할 수 있는 해수욕장 데크 깔린 진입 는 모래사장 안쪽 까진 안 이어지니 참고 하세요 장애인 전용 주차장 도 있는데 바닥 표시 는 다 안 되어 있어서 차 좀 뒤죽박죽 세워진 느낌,부정적
경포해수욕장,여름 엔 바다 옆 돋자 리도 못 펴게 함 바다 지 건가 다시는 가보고싶은 생각 없음 먹는데도 집 부근 만 짜리 만 이고 맛 도 없음,부정적
경포해수욕장,아름다운 바다 굿,긍정적
경포해수욕장,강릉 바다 는 예쁘네요,긍정적
경포해수욕장,좋아요 해변 도 좋고 물 도 맑고 앞 근처 소 방서 경찰서 도 있고 호수 도 있고,긍정적
경포해수욕장,물 도 깨끗하고 넘 좋았다 세이프 가드 빡세 게 지키고 있음 들어갈 수 있나 입맛 다시 며 분 정도 바다 눈 앞 두고 모래성 이나 만들고 있었다 ,긍정적
경포해수욕장,강문 해변 경포 해변 걸어왔어용  둘다 너무 좋아요 오고싶어요  옷 따듯 하게 입고가세요,긍정적
경포해수욕장,나들이,긍정적
경포해수욕장,경포대 바다 맛집 윤슬 맛집 행 보케 예쁜 윤슬 보러 오세요,긍정적
경포해수욕장,파도 소리 만으로도 힐링 되는 곳 이에요 함께 하기도 좋고 한없이 펼쳐진 백 사장 탁트인 바다 보고 만 있어도 힐링 되는 곳 주위 편의 시설 도 많고 주차 도 편리함,긍정적
경포해수욕장,경포 해수욕장 뷰 너무 예뻐요,긍정적
경포해수욕장,해변 오른쪽 끝 선 베드 파라솔 만원 빌려서 보냈고 그늘 누워있으니 천국 따로 없다 운 좋았는지 노을 질때 분홍 빛 하늘 봤음 갈매기 랑 등대 때문 운치있음,부정적
경포해수욕장,친구 단위 휴가 분위기 내고싶으면 경포대 제일 낫네요 횟집 이나 주변 포차 곳곳 많아요,긍정적
경포해수욕장,비 안 와서 너무 좋았어요,긍정적
경포해수욕장,비오는 날 모래사장 걸었더니 운치 있고 너무 좋아요,긍정적
경포해수욕장,주차장 편리하고 걷기 좋은 데크 잘 되어 있음,긍정적
경포해수욕장,아주 깨끗한 바닷물,긍정적
경포해수욕장,조용하고 좋음,긍정적
경포해수욕장,너무 좋았음,긍정적
경포해수욕장,겨울 봄 사이 한적 하고 조용한 경포 해변,긍정적
경포해수욕장,자연 은 별  사람 기 본 질서 는 별  이렇게 좋은 해변 담배 꽁초 다 쓴 불꽃 폭죽 쓰레기 아름다운 모래사장 그대로 버리고 곳곳 쓰레기 봉투 설치 되어 있던데 부끄럽습니다 편의점 주위 슈퍼 불꽃 폭죽 못 팔게 해주세요,부정적
경포해수욕장,강원도 해변 많음,부정적
경포해수욕장,강릉 대표 해변 해안가 꽤 넓고 물 맑으며 모래 곱다 주변 경포호 많은 숙박시설 있어 관광지 최적,긍정적
경포해수욕장,해 지기 전 가세 요,긍정적
경포해수욕장,꼭 다시오고 싶다 정말 재밌었음 사람 없을 요 시기 오면 더 좋을것 자외선 강하지 않고 물 도 차지 않고 깊이 도 배 가슴 정도 적당하고 파도 도 적당히 쳐서 놀기 너무 좋았다,긍정적
경포해수욕장,강릉 바다 는 봐도 아름답네요,긍정적
경포해수욕장,바다 정말 깨끗하고 좋았습니다 느린 우체통 도 있어 추억 우편 쓰기 에도 괜찮은 거 같아요 봄 가서 사람 적당히 있었는데 차가 많아서 주차 조금 힘든거 같아요,긍정적
경포해수욕장,추억 있어 다시 가봐도 추억 쌓게 되는 곳 짱 임 ,긍정적
경포해수욕장,여름 오고 싶다,긍정적
경포해수욕장,멋있기는 하네요 파도 조개 쓸려와 서 잡은 뒤 집 가서 먹었어요 맛있네요,긍정적
경포해수욕장,너무나도 유명한 대한민국 대표 해수욕장 그만큼 라이프가드 통제 빡빡 하긴 합니다 오랜 만 방문 했는데 물 은 그대로 괜찮네요  예전 비해 상점가 도 많아지고 호텔 도 많아지고 하나 단점 은 여기오는 급식 이나  대초 중 반 애 개념 워낙 없다 보니 밤 불꽃놀이 하고 쓰레기 치우고가질 않습니다 중국 욕 할 아닌것 같네요 개념 없는 시민 넘칩니다,긍정적
경포해수욕장,굳,긍정적
경포해수욕장,해파리 너무 많음  명 갔는데  명 다 쏘임  진짜 따갑,부정적
경포해수욕장,넘 좋았습니다 ,긍정적
경포해수욕장,뷰 사기 다 노을 질 쯤 시 가면 너무 좋음,긍정적
경포해수욕장,파도 만 보고있어도 힐링 되,긍정적
경포해수욕장,그냥 파도 개 쎔 개 재밌음 잘못 하면 물 빠짐 근데 개 스릴 있음 파도풀 독한 맛 파도 그냥 계속 옴,부정적
경포해수욕장,강릉 로컬 분들 은 학 뗀다는 경포해수욕장 뜨내기 상대로 한철 장사 하는 이라 맛없고 비싸기만 함 편의점 라면 보다 못 한 식당 수두 룩 함,부정적
경포해수욕장,포토 존,긍정적
경포해수욕장,새벽 시 분 되니 화장실 다녀온 사이 말 도 없이 청소 이라고 싹 치워 버리더라구요 손 선풍기  개 랑 겉 옷 잃어버렸어요 귀중 품 두고 다녀왔으면 큰 일 날 뻔 했습니다 당황 해서 치우는 분 께 물어보니 난 모른다 잘라 말 하시네요 사전 에라도 써 붙이 든 방송 알려주든 조치 취 해주세요 기분 안 좋아요,부정적
경포해수욕장,열 첫 바다,긍정적
경포해수욕장,파라솔 이랑 튜브 하나 해서 원 샤워실 천원 들었어요 파라솔 하니 돗자리 도 주시네요 밤 에는 불꽃놀이 한다고 화약 구름 마냥  사람 은 많은 편이었구 오전 오시 는 걸 추천 해용 물 엄청 차가운데 흐린 날 갔더니 해 없어서 춥더라구요 큰 비치 타 올 챙겨가시구 샤워실 도 용품 팔긴 합니당 참고 샤워실 여럿 들어가서 쓰는 곳 이구 찬물 만 나와요 ,긍정적
경포해수욕장,뒤 호수 도 있어서 놀거 많아요,긍정적
경포해수욕장, 다녀감  다녀감  다녀감,부정적
경포해수욕장,바다 완전 깨끗,긍정적
경포해수욕장,괜히 경포 유명한게 아닌 가봐요,부정적
경포해수욕장,여행 내내 날씨 흐리고 눈 비 난리 였어서 정말 일출 은 기대도 안 했는데 마지막 날 한 줄기 빛과 일출 볼 수 있었습니다 진짜 감사한 날이었어요 날 좋을 는 더 좋으려고 이렇게 흐린 날 에도 좋은가 싶습니다 경포 해변 일출 짱 이에요 진짜 가고 싶어요 강릉 앓이 중 ,긍정적
경포해수욕장,경포대 해수욕장 가면 서 사진 한 컷,긍정적
경포해수욕장,시원하고 좋습니다,긍정적
경포해수욕장,경치 정말 예뻐요 바다 만 바라봐도 금방 가네요 등대 그림 같아서 사진 자주 찍어요 경포해수욕장 은 절경 예요,긍정적
경포해수욕장,일출명소,긍정적
경포해수욕장,일출 보면서 마시는 커피 한잔 끝내줍니다,긍정적
경포해수욕장,암 가도 좋은 곳,긍정적
경포해수욕장,물놀이 하게 좋게 되어있고 물품 보관 소  리터 캐리어 들어갈만 한 샤워실 일회용 샴푸 바디 워시 있고 온수 안 나옴 있음 여름 이라서 해변 해파리 떠다님,긍정적
경포해수욕장,바다 너무 조아,긍정적
경포해수욕장,사람 적고 한적해서 너무 좋음 해변 앞 소나무 길도 예쁘고 일출 직접 가서 보진 못 했지만 예쁨 근데 바다색 자체 는 강문 해변 더 예쁨 ,긍정적
경포해수욕장,보트  인승 오만원 한 명 타든 세명 타든 오마 넌,부정적
경포해수욕장,해변 은 좋으나 주차장 음식점 불법점유 상당히 불쾌하고 주차공간 없어 엄청 불편함 적당히 하자 정말,부정적
경포해수욕장,강문 해변 좀 더 예뻐요 아직 은 밤 엔 많이 춥네요,긍정적
경포해수욕장,언 제 가도 좋은 곳 부담 없이 갈수 있는 곳,긍정적
경포해수욕장,                       포토 존 물놀이 일출명소,긍정적
경포해수욕장,사람 너무 많고 시끄럽지만 그만큼 시설 잘 되어있고 주변 카페 도 많고 풍경 도 좋아요 강문 해변 도 가까워서 다니기 좋아요,긍정적
경포해수욕장,굿 좋은 관광명소 가고 싶은  곳,긍정적
경포해수욕장, 방문 북적 북적 거리 는 해변 저녁 엔 버스킹 폭죽 놀이 가득 일출 보기 참 좋은 장소,긍정적
경포해수욕장,일출명소,긍정적
경포해수욕장,사람 많긴 하지만 탁트인 해안선 쭉 보이 고 바다 도 넘 예쁜 곳,긍정적
경포해수욕장,파도 도 세고 바위 멋짐 가까이 서 수영 하면 그리 위험하진 않음,긍정적
경포해수욕장,서 온 후 게스트 하우스 돌아가고 싶지 않았는데요,부정적
경포해수욕장,너무 좋았는데 불 나서 아쉽네요 빠른 복구 바랍니다,부정적
경포해수욕장,바다 는 봐도 좋아요,긍정적
경포호,그냥 시원하고 서 지전거 타면 개 힐링 됨 ,긍정적
경포호,산책 하기 너무 좋아요,긍정적
경포호,일몰 절경,부정적
경포호,관리 잘 되어있어 깨끗하고 풍경 정말 아름다워요 걷거나 자전거타기 너무 좋습니다,긍정적
경포호,산책 운동 하기 좋아요,긍정적
경포호,저녁 맛있게 먹기 위해 서 소화 시킬 겸 둘러봄 자전거 대여 해서 한 바퀴 돌았는데 넘 힘차게 돌았더니 시간 도 채 안되서 다 돌아 버렸다 다리 건너서는 여유 있게 멈춰서 구경 하고 돌아오면 좋을 듯 하다,부정적
경포호,이렇게 예쁜 곳 인지 몰랐어요 날씨 좋을 꼭 꼭 가보세요 걷기 좋아요,긍정적
경포호,강릉 여행 중 최고 맘 든 곳 이에요 전기자전거 빌렸는데 일반 자전거 탈 걸 그랬어요 풍경 이뻐서 조금 더 천천히 둘러보고 싶어요,긍정적
경포호,생각 보다 넓습니다,긍정적
경포호,자전거 타기 재밌어요 한 바퀴 돌면서 구경 하고 쉬 고 사진 찍고 힐링 타임,긍정적
경포호,내 마음 은 호수 자전거 한 바퀴,긍정적
경포호,탁트인 뷰 보기 좋은 산책로,긍정적
경포호, 산책 하기 정말 좋은 곳 주변 경포대 경포 해변 에디슨 박물관 관광지 지역 명물 된 골든 튤립 스카이 베이 호텔 있다 사진 골든 튤립 스카이 베이 호텔 전경 경포호 전경 보고 보고 소나무,긍정적
경포호,년 월 일 혹시나 하고 벚꽃 보러 갔는데 아직 피질 않았네요  한 일 정도 후 면 피기 시작 할 같습니다 벚꽃 없어도 충분히 좋았습니다,긍정적
경포호,정말 예쁘고 좋음,긍정적
경포호,아주 넓은 호수 밤 보면 운치있음,긍정적
경포호,경포호 는 봄여름가을겨울 언 제 가도 항상 예뻐요 강릉 조아해서 매달 가는 저 아직도 불변 최애 장소 한적하고 윤슬 도 예쁘고 오리 도 귀엽고 정말 좋은 산책로 에요,긍정적
경포호,좀 지 저 분,부정적
경포호,말 필요 없는 여행지 이자 벛꽃 명소 사진 은 월 일 경 찍었었는데 올해 는 워낙 찬 동풍 계속 들어 꽤 늦은 개화 보였고 그나마 바다 가까운 나무 은 도 덜핀 상태 실화 인가 내륙쪽 은 참 탐스럽게 도 폈었음,부정적
경포호,한 바퀴 도 는 데 빠른 걸음 시간 쯤 걸림,긍정적
경포호,산책로 정말 잘 꾸며놨다 호수 보며 호젓하게 걷기 좋고 시원한 바람 은 보너스,긍정적
경포호,힐링 자체,긍정적
경포호,자전거 모터바이크 같은 거 빌려서 한 바퀴 쭉 도 는 코스 추천 합니다 근처 경포 가시연 습지 도 있는데 자전거 잠깐 대서 구경 하면 돼요 자전거 파워 운동 하고 근처 막국수 먹고 아쿠아리움 아르떼 뮤 지엄 방문 하면 딱임,긍정적
경포호, 방문 아침 러닝 하기 위해 방문 했어요 경포호 산책길 한 바퀴 뛰니 참 좋네요 조금 만 옆 가면 생태 공원 도 있고 송림 도 있네요 잘 정돈 되어 있어 뛰기 좋았어요,긍정적
경포호,한 바퀴 빙 둘러보기 좋은데 허전한 감 있다,부정적
경포호,산책 하기 좋은 곳,긍정적
경포호,그늘 없어서 한여름 대낮 에는 다니기 힘들다,부정적
경포호,새 많아서 좋아요 나비 도 있어요,긍정적
경포호,한 바퀴 도 는데 걸리나 성 헬 쓰로 걸어 봤어요 제 걸은 날 석양 참 예뻤어요,긍정적
경포호,산책로,긍정적
경포호,냄새 좀 좋지는 않더라구요 경치 는 좋아요 ,긍정적
경포호,물이 넘칠 찰박찰박 해서 신기하고 산책 하기 정말 좋아요,긍정적
경포호,존예 산책 하기 좋음 보고 만 있어도 평온 관리 도 잘 되있는 편,긍정적
경포호,경포호 오시 면 꼭 전기 자전거 타세요,긍정적
경포호,강릉 만의 자연 만들어 낸 절경,긍정적
경포호,볼 게 너무 없어요 굳이 여행 중 들릴 곳 은 아닌거 같습니다 옆 경포 해변 은 날 좋은 날 가니 바다색 예뻤습니다,부정적
경포호,아름다운 경포호,긍정적
경포호,자전거 타고 한 바퀴 돌면 최고,긍정적
국립대관령자연휴양림,화장실 하수 냄새 올라오는거 빼고 다 좋음,긍정적
국립대관령자연휴양림,카맵 사진 둘러보니 경치 좋고 저 있어서 보 여서 왔는데 아쉽게도 그냥 등산로 입구 입니 다산 좋아하는 등산 객 찾는 곳 이라 애 어른 대리 고 오는 그런 산책 하는 휴양림 아니라고 매표소 안내 분 그러시네요 저 처럼 차 돌려나오 눈 차량 제 뒤  대 연속 나왔어요 아마도 저 처럼 산책 하는 휴양림 이나 식물원 같은 걸 착각 하고 오는 분 많나 봅니다,부정적
국립대관령자연휴양림,매표소 불친절 바람바람 바람,부정적
국립대관령자연휴양림,남 직원 분 친절하십니다,긍정적
국립대관령자연휴양림,잘 쉬 다 갑니다 소나무 숲 계곡 멋져요 등산로 몇몇 표지판 은 하얗게 빛바 래 고 보이지 않는데 재정 비 필요해 보이네요,긍정적
국립대관령자연휴양림,비 와서 미리 시 분 안되어 관리소 갔는데 열쇠 안주 고 체크 인 만 하고 시 다시 오라 함 숙소 가보니 주변 청소 하시는 분들 없고 청소 상태 끝난 상태 였고 소나기 쏟아져 다시 휴양림 관리소 시 분 가니 청소 다 끝났다는 연락 못 받아 열쇠 못 주었다고 청소 끝났으면 기상 상태 봐서 융통성 필요한 시설 임,부정적
국립대관령자연휴양림,숲속의집 은 웃풍 조금 있다 연 립동 조금 더 따듯,긍정적
국립대관령자연휴양림,코로나 시기 산책로 등산로 마스크 도 안 쓰고 다니는 사람  프로 서로 교행 할 는 최소한 마스크 써줘 야하지 않나 옆 사람 지나가는데 마스크 도 안 쓰고 떠들고 다녀  무식 하늘 찌른다,부정적
국립대관령자연휴양림,자연 소리 만 들어서 넘 좋았어요 만,긍정적
국립대관령자연휴양림,휴양림 주변 산책 하기에 좋은 곳,긍정적
국립대관령자연휴양림,입구 올라가는 길이 아무래도 산 속 보니 경사 도 좀 있고 커브 길도 많았지만 올라가는 순간 입장료 아깝지 않았어요 성인  인 기준 입장료 인당 원 주 차비 천원 이었는데 관리 해주시는 분 안내 책자 주시면서 위치 설명 루트 설명 소 알려주셨어요 주차장 더 올라와서 차 내리니 산 공기 확 느껴지는 게 너무 좋더라고요 화장실 도 굉장히 깨끗해서 야영장 병행 해서 사용 하는 곳 이라곤 생각 되지 않았습니다 산책 하려 하니 야영장 추가 공사 하 는 쪽 담당 하시는 분 께서 쪽 길은 좀 미끄러워서 넘어질 수 있으니 저쪽 루트 가라 고 알려주신 덕분 남편 즐겁게 산책 하고 왔습니다,부정적
국립대관령자연휴양림,산책로,긍정적
국립대관령자연휴양림,대통령 쉼 터 옆 전망대 가면 강릉 시내 전망 보여요  소 나무숲 향기 자태 멋지고 새소리 맑은 계곡 물 소리 청설모 구경 너무 가공 되지 않아 좋았어요,긍정적
국립대관령자연휴양림,깨끗함이 아주 좋아요,긍정적
국립대관령자연휴양림,매표소 상당히 불친절 유지 인가요 화장실 좀 쓰 자니까 문 전 박대 정말 다 신고 해야 되는지 급하면 좀 매표소 화장실 좀 쓰 자고 했겠어요 이건 국립 아니야사 유지 알겠음,부정적
국립대관령자연휴양림,아름다운 경치 는 기본 새 노래 계곡 물이 흐르는 소리 노송 향기 는 자연 치유 제입 니 다,긍정적
국립대관령자연휴양림,힐링 끝 강 추합니다 가고싶네요,긍정적
국립대관령자연휴양림,인기 많아 예약 힘든데 운 좋게 연 립동 예약 다녔던 휴양림 중 숙소 제일 깨끗함 관리 하시는 분 도 친절 좋은 공기 새소리 꽃 나무 등산로 는 많은데 노약 자 위 한 산책로 는 아쉬움 휴양림 넓으니 미리 동선 파악 하셔서 알차게 이용 하시 기를 추천,긍정적
금진해변,모래 도 아주 곱 고 경치 도 좋고 파도 도 좋습니다 너무 너무 깨끗하고 아름다운 해변 사계절 다 좋은 바다 예요 주차장 도 무료 고요 방문 하시는 분들 계속 해서 깨끗하게 사용 하시면 좋겠어요,긍정적
금진해변,서핑 과피 서 해송 군락 어루러저 가족 휴양지 최적 지,긍정적
금진해변,동해 많이 갔지만 중 에서도 파도 엄청 좋은 곳 사람 도 없는 한적한 해변 이라 더 좋다,긍정적
금진해변,한적하고 느낌 소박함,긍정적
금진해변,작 지만 이쁜 해변 서핑 즐기는 사람 참 좋은 곳 망상 해수욕장 치킨 음료수 사가서 먹으면 꿀맛 어두워지면 모기 기승 부리니 꼭 기 기피 제 준비 하자,긍정적
금진해변,정동진 해변 보다 훨씬 예쁩니다,긍정적
금진해변,서퍼 분들 명소 인가 봐요 서핑 동호회 분 도 많고 서핑 즐기고 계세 요 월 에도 수영 합니다,긍정적
금진해변,바닷물 도 정말 깨끗하고 사람 적은 편이 라 조용해 좋아요,긍정적
금진해변,조용하고 한적한 곳,긍정적
금진해변,년 안에 사람 바글바글 할듯,부정적
금진해변,진짜 아끼는 곳 여긴 제발 유명해지지 말 자,긍정적
금진해변,해변 깔끔하고 좋네요 근데 보트 너무 사람 가까이 다녀서 신 고마 렵,긍정적
남항진해변,파도 대박,긍정적
남항진해변,안 묵보다 많이 알려져 있지 않아서 여유 있는 주차장 쉼을 즐길 수 있다 남항 진 해변 주차 하고 솔바람 다리 위 올라가면 바다 한가운데 서서 바다 볼 수 있다,긍정적
남항진해변,해수욕장 도 아니고 딱히 볼 게 없는 곳,부정적
남항진해변,남항 진 은 처음 알았는데 사람 도 없고 너무 예쁘네요,긍정적
남항진해변,타 지역 대비 조용하고 주차 편리해서 좋네요,긍정적
남항진해변,안목 문제 냐 남한 진 문제 냐 니 싸웠냐 다리 좀 놔 달라 해 라 돌아 처 다닐래,부정적
남항진해변,바닷가 근처 카페 막국수 집 공 방 아라나비 짚라인 체험 볼거리 먹거리 체험 할거 나름 있어서 쉬기 좋아요,긍정적
남항진해변,아라나비 도 타고 좋았어요,긍정적
남항진해변,그냥 보통 이에요 아무 도 하지 않았어요,부정적
남항진해변,바다 뷰 좋고 멋진 일출 도 감상 하실 수,긍정적
노추산모정탑,인간 정성 한계 보는 모정 탑 본다,부정적
노추산모정탑,저기 제 생년 일이 적힌 돌탑 여럿 저희 외할머니 께서는 예전 신 일 정밀 공장 있던 논밭 덩 집 두 채 있던 마을 옆집 할머니 의지 하며 지내셨죠 아무 도 모르는 저희 가정사 살펴주던 할머니 는 무당 셨습 니 다 외할머니 는 할머니 함께 산 들어가 사셨 고현재 타인 공개 된 집 두 세배 되는 크기 공간 옆 있었으며 가스레인지 물 데워 저희 이모 어머니 께 커피 타주셨습니다 외할머니 도 계시면서 본인  자매 손녀 손자 탑 쌓으며 기도 하셨습니다 아픈 손가락 인 자녀 일수록 탑 더 많더군요 왜곡 된 사실 은 저희 외할머니 함께 들어가신 모정 탑 주인공 이신 할머니 께서는 아들 잃으신 적 없습니다 신 문 기사 보며 기자 신문 잘못 썼다며 혀 끌끌 차셨습니다 그냥 무시 하면 만이 라며 신문 덮어 버렸습니다 그렇게 약 십여 정도 집 산 왔다 갔다 하시다가 산이 아닌 자택 깊은 밤 면 하셨습니다 노추산 모정 탑 은 자식 잃은 슬픔 지은 탑 아닌 한 무당 분 기도 소원 이루어진 탑 이며 저희 외할머니 자식 사랑 보이는 탑,부정적
노추산모정탑,한번 가볼 곳,부정적
대관령,드라이브 코스 좋네요,긍정적
대관령아기동물농장,귀여운 아기 동물 만나러 다녀왔음,긍정적
대관령아기동물농장,줄이 너무 짧아요 동물학대 같아요 코로나 때문 인지 손님 없어서 애기 많이 굶은것 같아요,부정적
대관령아기동물농장,돈 벌이용 동물 불쌍합니다 아기 동물농장 글쎄요,부정적
대관령아기동물농장,위생 은 괜찮 아보 이나 물고기 죽어있거나 움직임 적음 아기 동물 은 사람 노출 많이 되는데 들지 말 라고 문구 적어놓아도 아기 작은 메추리 병아리 손 집음 좀 더 대체 방안 필요할듯 살면서 아기 동물 다양한 종류 볼 일이 별로 없는데 다양해서 좋았음 프레리 독 엄청나게 귀엽고 다람쥐 도 엄청나게 귀 움,부정적
대관령아기동물농장,좋습니다,부정적
대관령아기동물농장,여긴 아가 넘 넘 넘 좋아할 곳 인당 천원 사료 도 주고 아가 승마 체험 만오천원 우유 주기 이천원 다 했는데 돈 안아까 움 동물 도 종류 매우 많다 사슴 고슴도치 타조 양 강아지 정말 가까이 서 볼 수 있다 종류 도 많고 넓고 관리 도 잘 돼있음 가봤던 동물원 중 최고 동물학대 느낌 은 지울 수 없었음,긍정적
대관령아기동물농장,류 동물 체험 장 치고 규모 상당히 커서 볼 많고 동물 아주 가깝게 다가갈 수 있어서 매우 흥미로워 함,긍정적
대관령아기동물농장,정말 좋네요  살 먹은 보솜 제일 귀엽습니다,긍정적
대관령아기동물농장,건초 장사 하시는 분 은 때돈 버실 같아요 동물 관리 도 나름 잘 되있고 너무 더럽지도 않고 좋았어요,긍정적
대관령아기동물농장,류,부정적
대관령아기동물농장,너무 귀여워요 택시 비만 원 들었는데도 값어치 합니당  근데 너무 어린 은 동물 한테 함부로 하는 모습 많이 보여져서 보호자 분들 좀 조심 해주셨으면 좋겠어요 ,긍정적
대관령아기동물농장,비쌈 할인 도 없고 애기 포함 해서  명 갔는데 애기 노는거 보라 고  명 들어오라고 이렇게 해서 돈 받아 먹는듯 최악,부정적
대관령아기동물농장,목장 은 건초 비용 받거나 조금 밖에 안줘서 다주 고 나면 구경만 해야 되는데  여긴 건초 무제한 이에요 진짜 원하는대로 계속 꺼내서 주고싶은만큼 줄수 잇어요 진짜 관리 도 너무 잘되 잇고 기 대안 하고 갔는데 진짜  만족하고 감 너무 기야웟슴,긍정적
대관령아기동물농장, 관 한 우관 한 분 계속 건초 옮겨서 밥 주는데 한번 도 안준 소우 요 개미지옥 도 아니고 땀 흘리면서 계속 퍼다 주게 는 바가지 미꾸라지 잡겠다고 정신 팔려있고요 집 근처 에도 있었으면 좋겠네요,부정적
대관령아기동물농장,직접 먹이줄 수 있고 평소 보기 어려운 다양한 동물 근접 관찰 할 수 있음 동 물체 험하기에 강추 특히 아기 염소 알파카 너무 너무 귀 움 ,긍정적
대관령아기동물농장,동물 종류 도 많아서 그런지 볼것도 많았어요 아기 병아리 메추리 만져 볼 수 있게 해놨는데 마리 는 사람 손 시달리다가 죽었는지  그냥 눈 으로만 보게 해줘도 충분할 같아요 쟤 들은 죽어도 상관없는게 아니잖아요 아주머니 물고기 작은 물 바가지 거칠게 퍼 서 애기 보여준던데 큰 물고기 물 밖 강제 나와 바가지 안 갇혀서 펄떡 펄떡거리는게 넘 기괴했어요 중간 중간 관리자 제지 해주시는 그런 분 있었음 좋겠어요 오리 는 짱 귀 움,긍정적
대관령아기동물농장,팩트 만 적으면 동물 위 한다면 가지 마시길 추천 합니다 적어도 뒤 제 적 점 개선 된다면 모르겠지만 요 저 도 한 인간 인 뿐 이라 지나가는 행인 견해 들으셔도 상관 은 없습니다 부지 자체 는 크고 동물 종류 다양합니다 인간 시끄럽게 떠들고 뛰어 다니고 플라스틱 먹이 국자 작은 동물 다칠 정도 들이밀고 고래고래 동물 먹으라고 강요 해도 통제 하는 관리인 전혀 없습니다 그렇게 하지못하게 부모 지도 해야겠지만  관  관 관리 하시는 분 한 분 계시 고 동물 안전 위해 고용 된 사람 은 없어 보입니다 바깥 염소 같은 경우  미터 밧줄 묶여있는데 그늘 쉴 수도 없고 땡볕 내내 노출 되 있구요 곳곳 강아지  마리 정도 있는데 다  미터 줄 이고 강아지 다 말 라서 다 뼈 밖에 안 만져 집니다 닥스훈트 한 마리 는 동물 안 있는데 사료 주니 허겁지겁 먹습니다 너무 말라 더 달라 고 하니 주말 이라 리필 안되는데 조금 만 더 드릴게요 해서  알 더 줬습니다 강아지 다 착하고 사람 손길 좋아하는데 너무 너무 말랐습니다 산책 시켜주시긴 하는지 사람 주는 밥 외 음식 이나 물이 제공 은 되고 있는지 프론트 일 하시는 분 동물 사랑 하 거나 위 하는 마음 보단 생명 동물 배고픔과 굶주림 돈벌이 하시는 같았습니다 아기 토끼 고슴도치 햄스터 기니피그 아기 동물 다 인간 사람 그냥 노출 되있습니다 아기 동물 은 바닥 배치 하였고 사람 손길 피 할 수 없는 구조 굶주린 강아지 저희 부른 건지 좋다고 재밋다 고 하시는 분들 정말 전 모르겠습니다,긍정적
대관령아기동물농장,동물 귀엽고 착해요 규모 는 작 지만 한번 가보기엔 좋을듯 하네요 제주도 새별 비 하면 훌륭해요 애기 입장료 는 데 보다 세네요  개월 무조건 어른 요금 인 만원 이예요,긍정적
대관령아기동물농장,동물 사람 손 타서인지 도망가지도 않고 먹이 도 줘서 동물 과의 접근성 좋았어요 타조 는 좀 위험할 지도 요 어린 에게는  너무 잘 먹어서 그릇 먹을거 같더라고요 그러다 쪼이면 아플듯,긍정적
대관령아기동물농장,아기 동물농장 중 동물 가장 많고 커요,긍정적
대관령아기동물농장,완전 좋은데 너무 멀어서 못 가봄,부정적
대관령아기동물농장,자 주온 곳 이라 중학생 만 들여 보낸다고 해도 안된다고 어른 있어야 한다며 입장료 받아 먹는 곳 이네,부정적
대관령아기동물농장,비 와서 갈까말까 망설였는데 실내 연결 된 느낌 이라 좋았어요 동물 많고 체험 도 좋고 야외 인걸 감안 하면 진짜 깨끗하고 관리 엄청 하시는구나 느껴져요     입장료 는  인 만원 이었습니다  개월,긍정적
대관령아기동물농장,묵 있는 염소 양은 불쌍하지만 운동 충분히 시킨다고 하니 아무튼 아기 가기 좋음 날씨 안좋을 가서 사람 도 많이 없었고,긍정적
대관령아기동물농장,이랑 가기 최고 좋아요 깨끗하고 동물 관리 도 잘 되어 있는 듯 화장실 도 깨끗하고 온수 도 잘 나와서 좋았어요 재밌게 놀다 왔어요,긍정적
대관령아기동물농장,건초 는 중간 중간 무료 먹일 수 있어서 좋았고 시설 관리 도 잘 되어있고 동물 도 건강하게 케어 되고있는 느낌이었습니다 너무 좋아해요 번 에도 재 방문 사있어요,긍정적
대관령아기동물농장,다녀 본 목장 중 가장 좋았습니다,긍정적
대관령아기동물농장,좋음,부정적
대관령아기동물농장,왔는데 기분 너무 불편해서 가네요 즐겁게 와서 밥 주 려고 왔는데 알파카 는 제자리 움직 이지 못 하게 묶어놓고 양 줄 고 너무 짧아요 적어도 이름 동물농장 면 동물 좀 신경 쓰세요 강아지 은 진짜 전부 다 앙상히 말라있고 너무나도 착한데 목줄 은 이리 짧게 묶어놓나요 새끼 새 마리 는 사람 애 한테 밟혀 죽었겠어요 애 괴롭혀도 관리인 은 쳐다도 안보 고 보다 못 해 제 가서 그만 좀 하라 고 했습니다 동물학대 현장 보고 온거 같아서 진짜 기분 지 같네요 좀 개선 하세요 목줄 좀 길게 해주고 적어도 배는 안 고프게 하셨으면 좋겠네요,부정적
대관령아기동물농장,댓글 뭐 지 제일 나은데,부정적
대관령아기동물농장,재미있게 잘 놀다 갑니다,긍정적
대관령아기동물농장,동물 생각 보다 많아서 놀랐는데 서 볼 수 있을 거 라고 생각 못 한 동물 너무 너무 많았어요 체험 목장 이면 서 스트레스 취약 한 동물 이렇게 많이 전시 해 놓다니 대충 먹이주고 구경 하고 싶은 분 은 가면 만족하겠다 싶은데 동물 키워 보셨거나 좋아하는 분 은 가면 마음 상 할 거 에요 강아지 은 기니피그 만도 못 한 넓이 칸 가두고 키우고 알파카 목줄 은   되나 모르겠네요 저 는 햄스터 키우는 사람 볼 패딩 입어야 안 추울 정도 추운 곳 그것 도 열 마리 는 되는 애 한 곳 키우는 게 너무 없었 요한 케이 지에 마리 씩 은 눈 파 여서 없었고 물려서 파인 상처 있거나 죽은듯이 움직이지도 않는 녀석 도 있고 상식 적 햄스터 사람 막 만지면서 놀아도 멀쩡한 동물 도 아니고 봐도 햄스터 는 싸게 살 수 있으니까 대충 몇십 마리 씩 주 기적 사서 채워가면서 시체 치우면서 키우시나 본데 너무 안타까웠습니다 뭐 사람 사는거 돈 버는거 다 하고 넘어갈 분 만 가세 요,부정적
대관령아기동물농장,너무 불쌍해요 애 동물 쥐 고 흔드는데 제제 도 없고 바가지 소 동물 괴롭히고  양 목줄 꼬여서   도 제 맘대로 못 움직이고다신 가고싶지 않아요,부정적
대관령아기동물농장,기만 한 곳 없는듯 열심히 먹이주다 보니 내 알반 느낄 정도  원 없이 체험 가능 너무 좋아함,긍정적
대관령아기동물농장,진짜 좋음 ,긍정적
런닝맨 강릉점,괜찮아요 근데 간혹 게임 버튼 같은거 잘 인식 안되는게 있어요 그런건 좀 고쳤으면 좋겠네요 애때매 간건데 어른 도 넘나 신나게 하고와 서 끝나니까 땀 범벅 운동 되고 좋네요 이지 했는데도 어려웠어요,긍정적
런닝맨 강릉점,그냥 저 냥 즐길만 함,부정적
런닝맨 강릉점,너무 힘들고 미션 성공 시키기 힘들지만 시간 가는줄 모르고 놀았어요 ,부정적
런닝맨 강릉점,개 재밌아요  근데 지 모드 할 걸  노멀 은 중고생 혹은 성인 남성 이라 길 래 걍 해봤는데 진짜 어려웍음,부정적
런닝맨 강릉점,짱 잼 살짝 모자라서 못 해본것도 있당   지 모드 인데 도 아무 리해 도 못 깨겠는거 있어서 애탐 ,긍정적
런닝맨 강릉점,너무 재밌었어요 땀 흘리면서 오랜 만 잼있게 놀았네요  근  한 너무 짧고 노말 했는데 생각 보다 깨기 어렵더라구요,긍정적
런닝맨 강릉점,뮤즈 도 보고 런닝맨 도 했어요 주차 는 무조건 지정 된 외부 주차장 이용 하셔야 등록 가능합니다 초 중 고 방문 가능 연인 가족 데이트 적합 초딩 이나 체력 지인 분 에겐 이지 모드 도 좀 어려울 거 예요  전 체력 지라 넘 어려웠어요 날 일어나니 두드려 맞은줄  개인 적 뮤즈 는 가격 저렴해서 보는거지 안 빔 프로젝터 보여지는 부분 대한 관리 좀 미흡합니다 눈 아픈 부분 보여요 감안 하고 보셔야 해 요,긍정적
런닝맨 강릉점, 모드 열정 적 신나게 놀고 왔네요 한 순삭 됬네요,긍정적
런닝맨 강릉점,너무 재밌었어요,긍정적
런닝맨 강릉점,힘들어 죽겠어요 성인 여성 은 제발 이지 하세요 승부 욕 넘쳐서 노멀 선택 했다가 혼났네요  한 떼우려고 했는데 생각 보다 재밌어요,부정적
런닝맨 강릉점,강릉 여행 하던 도중 이런게 있다는 걸 급하게 알아가지고 예약 해서 하러 갔답니다  정말 땀 빠지게 놀았구요 여러가지 미션 있는데 미션 클리어 하면서 빙고 만들어가는 놀이더라구요 제 한 은 시간 인데 처음 이지 노말 하드 모드 선택 할 수 있는데 한번 고르면 못 바꾼다고 합니다 운동선수 출신 아니시라면 무조건 다 이지 선택 하는게 좋습니다 노말 이면 시간 안에  빙고 못 만들지도 모릅니다 저 도 나름 운동 좋아하고 순발력 있어서 자신있게 노말 모드 했는데 생각 보다 고전 해서  빙고 완성 시켰습니다 완성 한 빙고 선물 주는 거 였음 좋았을텐데 그게 아니라 방문 한 사람 다 런닝맨 배지 주는 같더라고요 배지 받고 땀 뻘뻘 흘리구 왔답니다 ,부정적
런닝맨 강릉점,어른 입니 다애  대 초이 가자고 해서 갔는데 처음 분 쯤 탐색 지나곤 정말로 땀벅 되도록 잘 놀았네요 운동 도 많이 된듯 합니다 쪼매 아쉬운거는  처음 방문 한 사람 게임 방법 이해 할 수 있게 설명 글 써서 게시 해 줬음 하네요 모니터 나오는 방법 보고 하기엔 대기 손님 주어진 짧다는  정비 빠르게 해얄듯 요 자동차 운전 은 핸들 파손 되어 핸들링 어려운것도 있고 사격 하는 총 은 슈팅 안되는 도 있고 고장 서있는 도 있어요,긍정적
런닝맨 강릉점,생각 보다 너무 재밌네 성인  명 땀 뻘뻘 흘리면서 했지만 올 클은 절 대못 함,긍정적
런닝맨 강릉점,여자 매니저 불친절합니다,부정적
런닝맨 강릉점,한 때우기 좋아요 난이도 노멀 했는데 일부 게임 은 성공하기 불가능 해보였어요 ,긍정적
런닝맨 강릉점,고장 많아요 기계 상태 보고 시작 해야되 요,부정적
런닝맨 강릉점,걸 해 하고 갔다가 승부 욕생 겨 서 목숨 걸 고함,부정적
런닝맨 강릉점,기계 반절 은 고장 난듯 시설 관리 도 제대로 안 하고 그냥 장사 하는거 같음,부정적
런닝맨 강릉점,가격 좀 사악하네요 한 은 금방 가고 갔다오면 체력 방전,부정적
런닝맨 강릉점,들어간지 분 안에 나왔습니다 블로그 보고 나름 후기 보고 갔는데 많이 시시합니다 규모 는 큰데 막상 입장 해보면 수도권 소규모 과학관 이랑 놀이 수준 비슷합니다 냉방 잘 안되어서 많이 더웠습니다,부정적
런닝맨 강릉점,진심 너무 재밌어요 올 빙고 는 좀 힘들어요 처음 가시 면 이지 하세요,긍정적
사근진해변,주변 상가 정리 안되어 있어서 어수선한 해변 딱히 해변 와여 할 이유 없네요 칼라 풀 한 방파제 뭐 그냥 그렇고 전망대 도 별 감흥 없었어요,부정적
사근진해변,너무 좋아요,부정적
사근진해변,물이 깊어요 파도 도 쌔 요 애기 놀기엔 위험합니다,부정적
사근진해변, 펜션 근 진 해변 들어가면 있는데 엄청 음침하고 사이비종교 느낌 나는데 갔다가 보고 꿈 설쳤어요 초 켜놓고 제사 지내는거 가면 보임 이런거 못 보는 사람 가지 마세요 엄청 뒤 숭숭 함 말고도 해변 분위기 음침해요 가지 말고 아래쪽 해변 노세요,부정적
사근진해변,날씨 가비  바람 도 많이 불 고 추웠어요 파도 도 쎘고  느낌있게나 오긴 했네  바위 는 해외 느낌 퐁퐁  우중충한 날씨 라 도깨비 생각나는,부정적
사근진해변,방파제 는 예뻤으나 주변 공사 중 이라 어수선하고 휑합니 다  가실 분들 참고 하세요,부정적
사근진해변,영진 갓 다 왓는데 근 진 좋아요 파라솔 젤 저렴해요,긍정적
사근진해변,너무 예뻐요,긍정적
사근진해변,물 맑고 예뻐요 일몰 가면 하늘 그림 같아요,긍정적
사근진해변,물 은 맑은데 파도 세고 수심 깊어요,부정적
사근진해변,전망 대쪽 사진 찍기 좋아요,긍정적
사근진해변,쵝오,긍정적
사근진해변,사람 도 별로 없고 분위기 너무 좋았어요 사진 보는 보다 실제 가면 훨씬 좋습니다,긍정적
사근진해변,노을 맛집 알록달록 방파제 있어요,긍정적
사근진해변,전 보단 사람 많아짐 예뻐서 구경 하기 좋음 주차장 좁음,긍정적
사근진해변,근 진 해변 컬러풀 한 방파제 는 포토 핫 플 레이스 맑은 바닷물 멋진 풍경 누가 찍어도 멋진 작품 되는 아름다운 해변,긍정적
사근진해변,백사 장이 작아서 파도  가까이 서 들을 스 있음 주차장 매우 협소 평점 높을 이유,부정적
사근진해변,차박 만 알고싶은 주차장 뷰 주차장 협소,부정적
사근진해변,물깨끗 모레 사장 깨끗 모레 뜨겁네요  이제 한여름 이네 피크닉 은 봄 하 는걸,긍정적
사근진해변,근 진 해변 인생 샷 이렇게 찍어 보세요 바다 넘 예쁜 강릉                 파스텔 톤 방파제 포토 스팟 된 곳,긍정적
사근진해변,일출명소,긍정적
사근진해변,차가 없으면 힘들지만 한번 가긴 좋네요,긍정적
사근진해변,수영 하기엔 좁은 해수욕장 취사 야영 금지 하는 사람 많음,부정적
사근진해변,경포 해변 조금 벗어났을 뿐 인데 물이 너무 맑음,부정적
사근진해변,주차 공간 좁지만 강릉 해변 하나 만 간다 면 근 진 알록달록해서 젤 예쁨,긍정적
사근진해변,날씨 흐린데도 바다 뷰 는 좋았습니다 맑을 한번 더 오고 싶어요,긍정적
사근진해변,사람 많이 없고 좋아 욥,긍정적
사근진해변,사람 별로 없고 무료 주차장 있어서 바다 보기 좋다 주변 뭐 없으니 미리 사서 가는 걸 추천,긍정적
사근진해변,주차 하는 곳 세 족장 좀 먼 같음 차가 좀 많이 밀릴 땐 밀림 올 바닷물 발 담글 생각 라면 갈아 신기 편한 신발 수건 여벌 옷 발 씻을 바가지 페트병 필수 날 갔던 바다 참 맑았습니다 포토 스팟 사람 한 번 씩 찍고 감 폐장 였음에도 해수욕 즐기는 사람 도 여럿 있었음,긍정적
사근진해변,이쁜거 같아요 색색 테트라포드 하나 만으로도 한번 쯤 다시 생각나서 가볼거 같음,긍정적
사근진해변,인생 최고 바다 물이 너무 맑고 깨끗해요 꼭 다시 한번 가고싶어요,긍정적
사근진해변,바다 뷰 멋있고 사진 찍기 테트라포드 알록달록하게 이쁘게 색칠 되어있습니다,긍정적
사근진해변,앞 임시 주차장 있는데 모르고 해중 공원 주차장 세움  화장실 매우 깨끗 세 족장 도 있고 그늘 없어서 아쉬운데 해변 은 맘 듦,긍정적
사근진해변,전망대 올라가 동해 바다 보는 재미 방파제 새 감 재미있어요,긍정적
사근진해변,알록달록 방파제 이쁘네요 ,긍정적
사근진해변,시원한 바다 데 비 하면 좀 썰 렁 조용한거 좋아하면 굿,긍정적
사근진해변,분위기 뷰 는 좋았지만 년 월 방문 당시 주변 황량 하고 좀 더 꾸미는 중인 듯 하여 내년 년 방문 하면 더 좋을 듯 함,부정적
사근진해변,주차공간 찾아보면 많이 있어요 화장실 옆 발 씻는 곳 있어서 바다물 발 담구기 좋아요 썬크림 꼬옥 필수 뜨거워요,긍정적
사근진해변,참으로 아름다운 해변,긍정적
사근진해변,발 담구기 좋고 파스텔 톤 방파제 예뻐용,긍정적
사천진해변,년 전에 방문 했을 땐 서해안 처럼 수심 완만 하게 낮아져서 하고 놀기 좋았는데 수심 급격히 낮아져서 놀기엔 조금 위험해진듯 해 요 ,부정적
사천진해변,한가해서 좋아요,긍정적
사천진해변,재미 는 있지만 편리하지 못 한 곳 파도 세고 조금 만 들어가도 어른 키 그냥 넘겨서 헤엄 치거나 서핑 하기 좋음 바위 많아서 파도 낮 한정 물고기 구경 하기 좋음 극 성 수기 에도 경포대 보다는 공간 좀 나옴 카페나 편의점 은 있지만 화장실 샤워실 찾기 하늘 별 따기에 애 엄마 탈의실 애 데리 고 들어가서 오줌 누 이므로 해변 펜션 잡을것을 추천  차선 도로 도로 걸쳐 주차 된 차 통행 차량 인근 가게 들어가는 차량 인도 없어서 도로로 다니는 보행자 한데 뒤 엉 켜 조금 만 차가 몰려도 지옥 같은 교통체증 발생 함,긍정적
사천진해변,규모 작고 뷰 는 좋습니다 사람 많고 복잡한것 싫어하시면 강추,긍정적
사천진해변,바다 낚시,부정적
사천진해변,한적하고 해변 앞 작은 다리 연결 된 아주 작은 돌 섬이있는데 좋아요 헤변뒤  편의점 크게 있는데 사장 님 매우 친절하십니다,긍정적
사천진해변,해변 워낙 길고 깨끗해요 해변 도로 가에 주차 할 곳도 넉넉해서 주차 스트레스 는 크게 걱정 안 하셔도 좋아요 해수욕 하신다면 파도 있는 날 에는 군데군데 수심 갑자기 깊어지니 안전하게 천천히 입수 하시길 바 래 요 있는 경우 구명 쪼끼 챙기세요,긍정적
사천진해변,코로나 때문 인지 사람 도 그닥 없고 조용하니 좋네요 바다 는 스노 쿨링 하기 좋게 맑고 편의 시설 은 좀 부족합니다,긍정적
사천진해변,탁 트인 동해 바다 좋지만 파도 워낙 거 센 곳 이라 해수욕 엔 적합 치 않음 그냥 답답한 마음 풀러 오기 엔 괜찮은 장소 천진 바위 섬 있어 좋음,부정적
사천진해변,일출명소 차박,긍정적
사천진해변,산책 하기 좋아요 근처 에도 카페 예쁜 곳 많음 주차 도 널널 했음,긍정적
사천진해변,바다 색감 너무 예쁘고 산책 하기 좋은 해변 근처 카페 도 많아서 쉬어가기 좋은 곳,긍정적
사천진해변,화장실 개오 바 에여,부정적
사천진해변,해수욕장 폐장 한 뒤 방문 했습니다 파도 엄청 세서 휩쓸 리기 좋네요 모래 자갈 꽤 굵은 편입 니 다 공기 도 물 도 맑고 깨끗해요 사람 많지 않아서 좋았어요 서핑 하는 사람 꽤 있었어요,긍정적
사천해변,조용 한 곳 였는데 요즘 수선 하내 요,부정적
사천해변,조용하고 아담한 바닷가 차박 좋아요,긍정적
사천해변,캠핑 해변,긍정적
사천해변,좋은 추억 만들고 갑니다 주차공간 도 넉넉해서 좋았어요,긍정적
사천해변,경포 옆 작은 해변 공용 주차장 넓어요,긍정적
사천해변,일출 예뻐요,긍정적
사천해변,생각 보다 파도 세고 주변 먹거리 별로 없어요 마트 도 없어서 강릉 까지가 야하고 사람 없는 덴 이유 있는듯,부정적
사천해변,차박 명소 일출명소 근처 관리 되는 화장실 있음 편의점 있는데 밤 에는 무인 운영 함,부정적
사천해변,자전거 경포 가기 전 쉬어가는 곳 한적할 는 한적하고 사람 많을 는 많다 서핑 하기 좋은 곳 카페 도 제법 있다,긍정적
사천해변,자릿세 만원 그치만 공용 주차 장이 크고 넓어서 좋아요 가까이 편의점 있어서 편해요 샤워 장 유료 발 씻는 곳도 있어서 편해요,긍정적
사천해변,사천 해변 노을      넘 좋아용,긍정적
사천해변,년 가족 함께 민박 자고 해수욕 했던 추억 좋았던 곳 더 잘 되세여,긍정적
사천해변,사람 많고 자리 없음 입구 막아놓고 누군가 야영 비 받음,부정적
사천해변, 후기 물 너무 더러워요,부정적
사천해변,곳 보다 모래 햐얘 서 이쁜 곳,부정적
사천해변,테라로사 앞바다,부정적
사천해변,와우 한적하니 좋네요 역시 동해 라서 물 은 깊고 깨끗했어요 모래 너무 이뻤어요 샤워 장 은 조금 더 올라가서사 천진 해변 앞 유료 샤워 장  인당 삼천원 이구 요 한번 두 명 씩 들어갈 수 있어요  제 기준 천진 해변 더 놀기엔 좋았을 같아요,긍정적
사천해변,텐트  차박  카라반 ,부정적
사천해변,한적하고 바다색 다 채 워 아름다운 추억 쌓기에 좋은 곳 드라마 남자친구 촬영 지,긍정적
사천해변,한적하고 조용한 편이 에요 시원하게 바 닷 바람 맛으 며 멍 때릴수있는 곳 주차장 도 잘 되어있어서 차안 바다 보기 도 좋아요,긍정적
사천해변,조용해서 좋습니다 천 해변 가면 꼭 제트 보트 타세요 놀이기구 보다 재미있어요,긍정적
소금강계곡,이틀 전 다녀왔는데 계곡 물이 맑고 수량 도 풍부해서 감탄 했습니다 경치 도 참 좋습니다 계곡 길이 지만 습하지 않아 날 벌레 없고 숲길 나무 우 거 져서 낮 에도 덥지 않게 트레킹 할 수 있었습니다 구룡 폭포 지나서는 입산 통제 정해져 있어서 하절 기 에는 오후 시 들어갈 수 계곡 길 끝 은 노인 봉 편도   걸어야 하는 긴 코스 주차장 은 유료 천원 인데 먼지 터 는 기계 는 따로 마련 되어 있지 않지만 넓고 깨끗해서 좋았습니다,긍정적
소금강계곡,우리나라 최고 계곡,긍정적
소금강계곡,물놀이 하기 좋아요 가족 단위 방문객 많았어요 화장실 은 두 곳 인데 한 곳 공사 하고 있었어요 남은 한 곳 은 물 없는 화장실 이라 불편했어요 손 은 씻을 수 없었어요 주차 료 비싸다는 후기 있었는데 저 는 비싸다는 생각 안 들었어요 맵 나온 위치 보단 캠핑장 주변 상가 주차장 찍고 가야 해 요,긍정적
소금강계곡,소금강,긍정적
소금강계곡,물놀이 물놀이 물놀이,긍정적
소금강계곡,구룡 폭포 트래킹 ,긍정적
소금강계곡,으 수기 랑 민박,긍정적
소금강계곡,강릉 소금강,긍정적
소금강계곡,절경,긍정적
소금강계곡,계곡 자체 는 좋은데 허락 된 구간  미터 밖에 안되어서 사람 많아지니 놀 공간 없었어요,부정적
소금강계곡,강릉 오대산 제일 경치 좋죠 계곡 너무 좋아요 요즘 은 계곡 출입 하류 아닌 막더군요,긍정적
소금강계곡,계곡 은 빼어남 단 주차 료 장난 아님,긍정적
소돌아들바위,정말 물 맑고 아름다 움 서 전복 도 봄 최고,긍정적
소돌아들바위,기 암 괴석 파도 물 맑기 모든 게 만족스러운 곳 사진 포인트 도 좋고 그냥 멍 때리 기도 좋음 년 전 현지 인 추천 갔던 곳 이고 분위기 넘 맘 들어 휴가 에도 방문 함,긍정적
소돌아들바위,입 쫙 벌어집니다,부정적
소돌아들바위,좋아요,부정적
소돌아들바위,뷰 맛집,긍정적
소돌아들바위,너무 너무나 풍 광 아름다운 곳 용왕 님 께 빌어 아들 얻었다는 전설 깃 든 아들 바위,부정적
소돌아들바위,소 돌 아들 바위 그만 문지르세요 바위 비벼 댄다고 아들 생기진 않아요 그럴 있으면 태교 도움 되는 책 찾아보시길 갯바위 에서는 항상 조심조심 밑 올려다보는것도 멋지지만 데크 전망대 올라가서 내려다보는것도 멋집니다,부정적
소돌해변,미안,부정적
소돌해변,바다 전망대 최고 날씨 좋은 날 올라가면 속이 시원해요,긍정적
소돌해변,동글동글 이미지 많은 해변 베이지색 모래 정말 곱다,긍정적
소돌해변,소 돌 아들 바위 옆 횟감 참 좋습니다,긍정적
소돌해변,만 알고싶은 마을 고 즈 넉 하고 너무 좋아요,긍정적
소돌해변,조개 도 많이 잡히고 좋아용,긍정적
소돌해변,작고 얕음,부정적
소돌해변,만 알 고 싶은 곳 진짜 사람 적 고 경치 최고 인 듯,긍정적
소돌해변,바다 안개 자욱한 날,부정적
소돌해변,예뻐요                                                                                ,긍정적
소돌해변,모래 부드럽고 사람 도 많지 않아서 좋았어요 해질녘 석양 은 정말 최고 소 돌 해변 소 돌 바위 산책 거리 좋네요,긍정적
소돌해변,해변 산책로 잘 조성 되어있음,긍정적
소돌해변,년 전 다녔음 물놀이 하 기도 좋고 가족 단위 방문 하기 좋은 곳 화장실 도 나름 깔끔한 편성 수 기 주차 하기 힘들 힘들    ,긍정적
소돌해변,여행지 찾아와서 보는 정도 눈 아닌것 같고 밥 먹고 산책 용도 좋은 거 같아요,긍정적
소돌해변,소 돌,부정적
소돌해변,바닷물 은 깨끗하고 좋은데 샤워 장이 엉망 임,부정적
소돌해변,년 도이후 물놀이 하실 분 구명조끼 꼭 입고 멀리 가지 마세요 파도 조심하세요 위험 표지판 안보 적습니다 특히 폐장 이후 는 들어가지 마시길 물 깨끗하고 뷰 좋고 음식 이나 카페 는 맛있어요,긍정적
송정해변,강릉 하면 송정 해변 이지 바다 는 언제나 옳다,긍정적
송정해변,물 도 깨끗하고 파도 타 기도 좋고 날씨 흐리다 갑자기 맑아져서 수영 해 버리기 이렇게 좋은 곳 안 올 이유 있을까,긍정적
송정해변,노을 지는 모습 아주 예뻐요 사람 도 그렇게 많지 않았고 주차장 도 앞 있어 좋았어요 주변 포차 있었지만 시장 포장 해온 음식 돗자리 펴고 앉아 바다 바라보며 먹었어요 쓰레기 는 잘 가지 고 왔습니다,긍정적
송정해변,소나무 길이 너무 멋있습니다 강릉 오면 꼭 가보세요,긍정적
송정해변,작 지만 해변 뒤 건물 아닌 소나무 숲 너무 아름다운 송정 해변 강릉 최애 해수욕장 중 하나 매점 앞 벤치 앉아 맥주 한 캔 도 넘 좋은,긍정적
송정해변,바닷가 근처 주차 장이 가깝고 좋아요,긍정적
송정해변,유명한 강릉 카페 거리 위치 한 해변,긍정적
송정해변,최공,부정적
송정해변,만 알고싶은 곳 물 색 아주 아름다워요,긍정적
송정해변,가족 여름 휴가 년 월 일 바닷가 가족 이랑 재미있게 놀아습니다 삼척시 장호항 가서 타고나서 소나무 많이 있는 해수욕장 송정 해변 가서 부모님 형님 식구 하고 재미있게 물놀이 하다가 왔습니다,긍정적
송정해변,안목 해변 보다 사람 도 더 적고 훨씬 아름다워요,긍정적
송정해변,해변 앞 솔밭 그늘 밑 캠핑 의자 돗자리 가능 탈의실 있고 옆 매점 발 씻는 곳 화장실 있음 넘 좋아요,긍정적
송정해변,게 동해 바다 다 라고 하는 듯 수평선 넓고 파도 거칠고 모래사장 광활하다 모래사장 뒷 편 으론 해송 울창 하고 청솔모 뛰어다님 ,부정적
송정해변,상대 적 조용한 해변,긍정적
송정해변,소 나무숲 한적,부정적
송정해변,입장료 는 무료 이고 해변 뒤 소나무 있어 뷰 좋음 주차 시설 은 미흡하고 샤워 장도 아주 좋은 편 은 아님,긍정적
송정해변,너무 좋음 한적함,긍정적
송정해변,저 는 월 일 와서 아래 해변 쭉 걸어 올라왔는데 정말 아무 도 없었어요 아무 도 물 은 수영 하기엔 빠지면 아무 도 모르게 죽 수도 있지 않을까 싶더라고요 수행자 처럼 걷기 좋았습니다 좀 무서웠지만 요,긍정적
송정해변,무보정 아이폰 사진 막 찍어도 이렇게 예쁜 하늘 바다 는 처음 이었습니다 강릉 보고 싶은 사람 있어서 기다리는 바다 앞 누워있었는데 자체 힐링 되는 느낌 경포 안목 은 너무 관광객 음식점 많아서 복잡한 느낌 있는데 여기는 정말 한가로이 바다 즐길 수 누워서 바다 관련 음악 들으면서 보고 싶은 사람 기다렸는데 무척 행복한 이었습니다 해질 가면 저런 하늘,긍정적
송정해변,강릉 가면 꼭 들리는 곳 이에요 바다 소나무 너무 좋아요,긍정적
송정해변,해수욕장 개발 된 해변 아닌 곳 보니 시설 적인면은 아쉬우나 도심 접근성 탁월하며 찾는이가 많지 않아 한적함을 원할 좋음,긍정적
송정해변,강릉 보물 해송 숲길 몇번 와도 항상 멋져요,긍정적
송정해변,아주아주 좋아 깅릉,긍정적
송정해변, 다녀감,부정적
송정해변,해수욕장 이라기 보단 노인 정인 듯 주변 운동 하긴 꽤 좋음,긍정적
송정해변,송정 해변 물 도 깨끗하고 사람 도 적당해서 좋았어요 가고싶어요,긍정적
송정해변,강원도 오면 여기는 꼭 들르기 아주 좋음,긍정적
송정해변,뷰 는 이쁘나 소 나무숲 모기 너무 많아요 한겨울 사면 좋겠어요,부정적
송정해변,주차장 넓은데 자갈 비 포장 이라 흙 먼지 날려서 주차 하고 마스크 쓰고 차 내림  바람 불면 황사 저리 임,부정적
송정해변,너무 좋아요,부정적
송정해변, 좋았습니다 일출명소 송정 해변,긍정적
송정해변,소나무 길 좋아,긍정적
송정해변,   흑 흑 너무 예뻐요    바다 는 사랑  바다 보이는 소나무 숲길 좋아요,긍정적
송정해변,단정 소박한 느낌 좋은,긍정적
송정해변,조용하 대서 택시 타고 갔는데 조용하긴 한데 그만큼 사람 도 많은 그냥 강릉 은 해변 다 사람 많은 거 같아요  그냥 가까운 곳 가시 라 굳이 멀리 가지 마시라,부정적
송정해변,날 흐려서 구름 구경만 하다가 저녁놀 깜놀 석 양도 동해안,부정적
송정해변,바다 도 많이 쌔 지 않고 모래 놀이 아주 하기 좋은 곳 꼭 강릉 갈 놀러 오세요 여름 은 더우니까 시 시 시 논 야시장 일정 잡으면 좋아요,긍정적
송정해변,너무 좋아요,부정적
송정해변,소나무 밑 돗자리 깔고 쉴수있음 입구 잘못 하면 강문 갈수 도 있으니 우회 전해 서 주차장 잘 찾으면,긍정적
송정해변,강릉 송정 해변 은 강문 해변 카 패거리 유명한 안목 해변 사이 있는 송림 멋진 해변,긍정적
송정해변,조용하고 좋음,긍정적
송정해변,역시 동해,긍정적
송정해변,강아지 줄 채우고 안고 들어갔는데도 안된답니다 사진  장도 찍지말래 용 수영 하겠다는것도 아니고 눈 안 보이는 강아지 라 가까이 가서 바다 소리 들려주고 싶었는데 들어간지 분 도 안되서 입 뺀 당함요,부정적
송정해변,아름다웠은데 시설 조금 헷갈렸어요,부정적
순긋해변,강아지 너무 귀여워요,긍정적
순긋해변,강릉 해변 중 크게 붐비지 않는 작은 해변 중 하나 임 숙박시설 제법 몰려있으니 는 이야기 달라지겠지만,긍정적
순긋해변,해변 은 깨끗한 편 은 아닌데 물이 엄청 맑고 바람 세지 않았는데 파도 커서 구경 할 맛 있네요 모래 는 푹푹 빠지는 곳 이라 신발 모래 들어가요,긍정적
순긋해변,잊을만 하면 오는 강릉 최애 해변 붐비지 않아서 좋다,긍정적
순긋해변,평일 사람 없어서 넘 좋,긍정적
순긋해변,차박 가능 사람 많음 사유 지라 고함 돈 내야 함,부정적
순긋해변,날씨 보고가세요,긍정적
순긋해변,한적하고 아름다운 순 긋 해변 강릉 많이 봤는데 곳 있었네요,긍정적
순긋해변,너무 너무 이쁘고 좋지만 바람 왕왕 많이 붐,긍정적
순긋해변,잠시 쉬 다 갑니다 ,긍정적
순긋해변,해안 침식 심각해서 출입통제 중,부정적
순긋해변,캠핑카 여행 중 간곳 인데 좋았어요,긍정적
안목해변,택시 잡기 하늘 별 따기 유독 안목 해변 만 오면 항상 이래요 강릉 콜 택시 도 안 잡히고  타실 분 은 미리 미리 이동 하세요,부정적
안목해변,바다 눈 잡네요 커피 거리 있어서 바다 바라보며 마시는 커피 는 맛 도 일품 루프 탑 있는 카페 가서 마시면 금상첨화,긍정적
안목해변,진짜진짜 진짜 해변 이쁩니다 시간대 는 아침 오후 시 시 까지는 진짜 이쁜거 같습니다 여름 기준 좀더 긴듯 겨울 은 좀더 짧고 스피드 보트 꼭 타십셔 물이 랑 속 도감 별로 안 무서워 한다면 압 자리 추천 드립니다,긍정적
안목해변,안목 해변 은 진리 커피 마시기 도 좋고 뷰 도 좋고 힐링 최고,긍정적
안목해변,서 위쪽 쭉 걸었는데 가장 놀기 만만한 해변 이었어요 얌전하 달까 모래사장 앉거나 물속 들어가도 위험해 보이지 않을 정도 요 물 들어가면 어린아이는 위험합니다,부정적
안목해변,금강송 산책로 지나면 보이는 안목 해변 한적하고 좋네요 커피 거리 유명하지요 자판기 커피 도 원 인데 컵 그란 데 정도 되요 시티 버스 출발 지로 시간표 참조 하셔요,긍정적
안목해변,아주 좋아요 거친 파도 원하시면 비추 흐린 날 이나 풍랑 주의보 오면 파도 꽤 높습니다 카페 촌 이라서 주차 빡셈,긍정적
안목해변,점심시간 전후 너무 좋음 사람 없을 가세,긍정적
안목해변,바다 더럽고 파도 쎄요,부정적
안목해변,커피 거리 조성 된 해변 물놀이 겸 사색 즐기기 좋아요 바다 전망 뷰 카페 즐비 되어있어 커피 한잔 하면서 여유 즐기시기 좋아요 뚜벅 분 은 버스 참조 하세요,긍정적
안목해변,분위기 좋아요 태풍 전이 라 바다 근처 못 아쉽네요,긍정적
안목해변,해운대 안목 광안 리 강문,긍정적
안목해변,마음 평화 주는 곳 날씨 좋아 더 아름다웠어요,긍정적
안목해변,아주 좋은 하루 보냈습니다,긍정적
안목해변,주차 는 강릉항 주차장 하고 여유 있게 걷다가 맘 에드 는 카페 들어가는게 좋다 카페 앞 주차공간 은 워낙 방문객 많아 주차 어려움 카페 는 꼭  층 올라가기를 적극 추천 예쁜 바다 뷰 신선한 회 먹고 싶으면 강릉항 있는 회 센 타,긍정적
안목해변,커피 아메리카 좋아요,긍정적
안목해변,백 사장 넓고 깨 긋하고 좋아요 일단 커피숍 많아 좋고요,긍정적
안목해변,그런대로,긍정적
안목해변,주차장 무료 자리 많아서 편해요 커피한잔 하 며 탁트인 바다 즐길수 있어서 더욱 좋습니다 사람 많아서 복잡하긴 하지만 그만큼 편의 시설 이나 식당 다양하네요,긍정적
안목해변,갈매기 맛집,긍정적
안목해변,바닷가 카페 거리 나쁘지 않음,긍정적
안목해변,카페 거리 있어서 쉬기 편했고 보트 진짜 재밌었다 화장실 도 깨끗하고 관리 잘 되어있다 단점 은 주변 딱히 맛있는 식당 없다,긍정적
안목해변,스피드보트 개강 추,긍정적
안목해변,커피 마시면서 바다 멍하기 좋은 곳 사람 많긴 많다,긍정적
안목해변,커피 거리 유명한 해변 길게 이어지는 백 사장 도 예뻐서 가족 이나 연인 친구 찾으시면 좋을 곳 이에요,긍정적
안목해변,바다 진짜 예쁘더라구요,긍정적
안목해변, 박 일 강릉 여행 중 계속 해서 날씨 안좋아서 흐린 바다 만 보다가 마지막 날 안목 해변 멋진 바다 보고 가요 마지막 날 대미 장식 했어요 진짜 무 이뻐서 한참 바라보다 왔 습 니당 파도 센데도 앞쪽 정신없이 바라보다가 다 젖었네요  행복했어요 가구 싶당,긍정적
안목해변,안목 해변 카페 거리 일출 명소 예쁜 하늘 바다 카페 한 번 즐길 수 있는 곳 이애 요 ,긍정적
안목해변,강릉 바다 생각날 가는 곳,긍정적
안목해변,젠 식상함 횟값 기본  만원 담합 ,부정적
안목해변,겨울 에도 좋은 안목 해변 바람 맞으며 파도 소리 듣고 있노라면 여러가지 마음 소리 울립니다 힘든건 옅어지고 사랑 은 깊어져요 해변 있는 커피 거리 도 좋구요,긍정적
안목해변,바다 엄청 푸르고 뿜 보트  인 만오천원,긍정적
안목해변,안목  양 아리 만 사업 하 는 곳임 머리 에든 게 있으면 도로 좀 내달 라고 건의 해 라남 항진 차 건너가게 지 손님 뺏길까 바 도로 도 안 했다며 개막 혀 서 주말 마다 전쟁 이지 니 은 차가 막히길 더 바라는것 들이지  홍보 도 대고 핫플 은 타가 막혀 야한다고 생각 하지  안목 왠만하면 가지맙시 다 가더라도 바다 만 보러가자,부정적
안목해변,바다색 강릉 에서는 가장 이쁜거 같습니다 주말 엔 사람 넘 마나 서 평일 가세,긍정적
안목해변,스벅앞 차안 타로 사주 봐주시는 곳 은 믿고 걸르세 요 바가지요금 급하게 봐주기만 하시고 맞는말이 단 하나 도 없었습니다 제발 피해자 없기를 바랍니다 바다 는 좋아요,부정적
안목해변,정말 사랑 하는 안목 해변 안목 해변 노을 은 늘 핑크 빛 이랍니다    ,긍정적
안목해변,물 은 맑은 편 사람 은 많은 편 노을 예쁜 편 주차 개 불편,부정적
안목해변,사람 많은걸 싫어해서 추천 하고싶진 않지만 안목 카페 어지간한 곳 은 전부 오션 뷰 고 성 수기 피해 가면 멍 때리 기도 나쁘지 않음,부정적
안목해변,주차 하기가 너무 힘들지만 바다 는 너무 좋았습니다 나들이,긍정적
안목해변,동해 는 사랑,긍정적
안목해변,주차 어려워서 아쉽지만 나름 감성 있어서 좋네요,긍정적
안목해변,사람 무 많고 차 도 많고  정신 없어요,부정적
안목해변,나들이,긍정적
안목해변,바다 최고,긍정적
안목해변,강릉 오면 가보는 곳,부정적
안목해변,만족스러운데 가격 쫌 부담 되긴 해 요 ,긍정적
안목해변,바다 색깔 도 예쁘고 분위기 도 좋아요,긍정적
안목해변,굿,긍정적
안목해변,년 정도 전 갔지만 해마다 주차 점점 너무 심해져 젠 그만 가야 할듯 커피 맛 은 진짜 별로 뷰 좋을 뿐,부정적
안목해변,해변 일출 정말 이뻐요,긍정적
안목해변,연인 데이트 코스 야경 도 좋아요 일출명소 산책로 포토 존,긍정적
안목해변,물 도 맑고 깨끗해서 참 좋았다 무더위  도 에도 파라솔 아래 시원하다 피 서지 답 다 너무 마음 든다 주차 료 아직 은 무료,긍정적
안목해변,예쁜 바다 시원한 바람 카페 늘어선 해변 좋았음,긍정적
안목해변,비 오는 날 갔더니 흐려서 아쉬웠음 상가 많고 번 화 한 바닷가,부정적
안목해변,안목 해변 에서는 저 세 족장 발 씻고 저 돌멩이 징검 다리 안전하게 건너야 모래 뭍 지 않습니다 내년 엔 개선 되겠죠,긍정적
안목해변,사람 몰리는 타이밍 엔 매우 혼잡하니 차가 필요한게 아니시라면 택시 타고 들어왔다가 나가는게 좋을듯 합니다 차량 진출 입 속도 너무 느려요 ,부정적
안목해변,든 최고 추억 만들어주는 아름다운 곳,긍정적
안목해변,주변 강릉 컷 순두부 젤라또 소품 샵 이용 겸 들른 해변 갈매기 진짜 많이 봤다,긍정적
안목해변,주차장 많은데 차가 더 많아서 주차 하는데 애 먹었어요 북적 북적 한 느낌 이라 전 차분한 송정 해변 더 좋았어요,긍정적
안목해변,밝을 갔으면 더 좋았을 텐데새벽 에도 좋았어요,긍정적
안목해변,뷰 너무 이쁘고 바다 색깔 대박 이에요,긍정적
안목해변,해변 아름다웠어요,긍정적
안목해변,저녁 엔 서 택시 잡기 힘들어요 뚜벅 이분 참고 하세요 파라솔 하나 빌리는데 만원 시 쯤에 정리 하는것 같음 해변 은 깨끗한 편,부정적
안목해변,깨끗하고 사람 도 너무 많지 않아요,긍정적
안목해변,해변 너무 낭만 적 이고 예뻐요 깨끗하고 수 금지 라서 다 조용히 선 베드 누워있어요 카페 거리 앞 이라서 분위기 있고 조용해요 하늘 도 너무 예쁘고 부드럽고 기회 된다면 꼭 다시 오고싶어요 회 센터 앞 없어서 좋아요 최고 에요 ,긍정적
안목해변,커피 거리 뷰 예쁘다 평일 오는거 추천,긍정적
안목해변,강원도 여행 가신다면 꼭 한번 들려 보세요,긍정적
안목해변,바다 도 예쁘고 옆 강릉항 도 걸어 보기 좋고 주변 카페 도 예뻐요,긍정적
안목해변,커피 한잔 마시며 시원한 바다 볼 수 있는 곳,긍정적
안목해변,아무 생각 없이 멍 때리기 좋고 그냥 힐링 할수있고 좋아하는 음악 들으면서 파도 소리 들을수 있는 곳,긍정적
안목해변,차 안 해변 보며 마시는 커피 한잔,긍정적
안목해변,모래 입자 굵어서 밟기 좋은 해변 파도 쎄서 구경 하기 좋다 옆 은 커피 거리 라 야경 멋지고 밤 불꽃놀이 구경 도 쏠쏠함,긍정적
안목해변,그냥 최고,긍정적
안목해변,풍경 굿,긍정적
안목해변,물 정말 맑고 좋아오 강문 보다 좋아요,긍정적
안목해변,일 머물 예정 하루 지났음 결론 다시는 곳 숙박 여행 은 없음 이유 는  아무리 커피 거리 지만 너무 먹을것도 없고 할것도 없음  전체 적 너무 비쌈 바가지 느낌  회 센터 절대 가면 안됨 요즘 다 바구니 바가지 요금 갖고 트집 잡아서 그런지 변종 바가지 씌우려고 나무 틀 저울 케이스 만들어서 저울 나무 틀 누르고 있음 추천 할만 한 케이스 는 시간 거리 내 혹은 지역 주민 그냥 드라이브 삼아 와서 커피 한잔 하고 사진 몇장 찍고 반나절 코스 임 경 기 수도권 시간 와서 지낼만 한 곳 은 아님,부정적
안목해변,해변 앞 주차장 극 혐 이긴하나 카페 많고 식당 도 꽤 있어서 갈만 함,부정적
안목해변,버스  버스 시 안 와서 고속버스 놓쳤어요,부정적
안목해변,좋아요,부정적
안목해변,눈 오는 날 강릉 커피 거리 치가 많다,긍정적
안목해변,안목 해변 은 그냥 와이프 랑 항상 가는 곳임 여름 엔 비추 봄 가을 겨울 엔 강추 아직도 개념 없이 해변 쳐 먹고 그러는 젊 은애 문제 임,부정적
안목해변,선셋 너무 예뻐서 미친듯이 뛰어놀았어요 단 사람 몰리 지 않는 평일 이었음,긍정적
안목해변,물이 깨끗하고 한적하고 너무 좋아요,긍정적
안목해변,안목 바다 는 더러 움 자체 쓰레기 거품 돌 저번 주 놀러 갔는데 해파리 만졌다가 깜짝 놀랐다,부정적
안목해변,올 마다 좋아요,긍정적
안목해변,딱히 볼건 없당 그냥 해변 임,부정적
안목해변,그냥 그랬네요 ,부정적
안목해변,근처 커피 거리 있어 바다 보면서 카페 보내기 좋습니다 ,긍정적
안목해변,카페 참 많았던 초여름 인데 도 진짜 추웠던 등대 슬슬 걸어갔다 올 만 한,긍정적
안목해변,조금 복잡했은데 동해 아름다웠어요,긍정적
안목해변,제주 랑 서해 는 많이 가보고 동해 는 처음 이었는데 너무 좋더라구요 만 있으면 며칠 머무르고싶을 정도,긍정적
안목해변,갈매기 맛집 갈매기 왜케 많아여 끼룩끼룩,부정적
안목해변,바닷가 는 비오는 날 많더라구요 기 상체 쿠 필수,긍정적
안목해변,넵,부정적
안목해변,안목 해변 제일 좋아,긍정적
안목해변,코 시국 이어도 사람 많긴하네요,부정적
안목해변,수상 보트 타러 가세 요,긍정적
안목해변,야자수 는 없음 근처 카페 많음 주차 한 가능 예쁜 바다,긍정적
안목해변,강릉 최애 바다 랍니 다 바닷가 앉아있 기도 딱이에요 경포대 는 탄 폭죽 많은데 여긴 안 좋아요,긍정적
안목해변,바다 보기 좋아요,긍정적
안목해변,역시 커피한잔 하며 보는 동해 바다 는 봐도 좋네요,긍정적
안목해변,바다 는 예쁜데 커피숍 공해 아쉬워요,부정적
안목해변,컴퓨터 바탕화면 속 바다,부정적
안목해변,한국 가장 인싸력 있는 갈메기 놀아 볼 수 있다 갈메기 사람 믿고 가까이 오는거니 제발 인간 적 갈메기 겁 줘서 날려 버리는 그런 미개한 짓은 하지말자,긍정적
안목해변,안목 해변 너무 좋아요 카페 도 많고 바다 도 깨끗하고 힐링 제대로 잘 했네요 강아지 동반 가능해요,긍정적
안목해변,강릉 바다 중 색 제일 청량한것 같아요,긍정적
안목해변,안목 해변 풍경 좋아요,긍정적
안목해변,안목 해변 카페 거리 랑 가까워서 좋아요 주변 볼꺼도 많고 물 도 맑아요,긍정적
안목해변,바다 이뻐요 주변 많은 카페 밥집 도 있고 인생 컷 도 있어서 가면 할거 많아요,긍정적
안목해변, 견소동 위치 한 길이   만   백사 장이 있어서 가족 단위 피 서 객 좋다 주변 볼거리 로는 커피 거리 벽화 골목 유명하다 사진 안목 해변 전경,긍정적
안목해변,강릉 오면 항상 들리는 안목 해변 카페 많아서 여기저기 갈 곳 많아요,긍정적
안목해변,안목 해변 제일 예쁨,긍정적
안목해변,강릉 여행 갈 항상 가는 곳 인데 너무 좋아요,긍정적
안목해변,년 넘게 사랑 하는 곳 요즘 엔 카페 너무 많아서 아쉬워,긍정적
안반데기 뚜레전망대,밤 오면 별 이쁘게 보인다고 하는데 확실한건 낮 가면 안되는 곳 인 건 맞는듯 경사 도 꽤 되고 차 없으면 가기 매우 힘들다,부정적
연곡해변,조용하고 좋아요,긍정적
연곡해변,캠핑장 최고 에요 조용하고 모래 놀이 하기도 쉬 기도 멍 때리 기도 좋은 곳,긍정적
연곡해변,예약 은 꽉 찼는데 빈자리 꽤 있다 꽤 한산하다  예약 하기 너무 힘들다 양 수 양도 하면 좋으련만 안 하지 해수욕 이용 시 캠필객 은 무료 샤워 시설 이용 할수 잇다 여름 엔    구역 은 취사 장이 너무 멀다   구역  구역 사이 쯤 취사 장 화장실 하나 있었음 좋겟다 바램 ,부정적
연곡해변,넘 예쁘네요 해변 안쪽 주차장 은 캠핑 하는 사람 전용 이라서 미리 캠핑 한다고 예약 하고 들어가야되 서 차단기 안 열어주고요 차단기 바깥쪽 차 대고 해변 들어가야하는 구조,긍정적
연곡해변,직원 분들 친절하고 주변 청결합니다 물 은 당연히 맑고요 샤워 시설 도 좋아요,긍정적
연곡해변,뷰 좋은 곳,긍정적
연곡해변,테크 도 넓고 오토 캠핑장 인데 가격 저렴하고 나무 그늘 도 많고 대 체적 깨끗함 물이 좀 깊은게 단점 물 무서워 해서 ,긍정적
연곡해변,정말 좋은 장소 인데 솔향기 캠핑장 예약 하기가 힘들어서 잠시 머물렀다 감  점 ,부정적
연곡해변,해 파랑 길 걸으며 지나간 곳 인데 캠핑장 널찍널찍 깔끔하고 편리하게 정말 잘 만들어져있다 오기 좋아 보임 에는 캠핑 하러 와야지,긍정적
영진해변,생각 보다 넓은 해변 도깨비 빙의 해서 한 컷 찍기 좋은 데이트 명소,긍정적
영진해변,도깨비 촬영 지로 유명해서 갔는데 마침 방송촬턍 도 하더라구요 이쁘고 이색 적 인 바다 풍경 좋아요,긍정적
영진해변,해수욕장 예뻐요,긍정적
영진해변, 방문 이쁘네요,긍정적
영진해변,너무 좋았다,긍정적
영진해변,가족 단위 물놀이 객 많은 해변,긍정적
영진해변,드라마 도깨비 촬영 지 라서 이쁘게 사진 찍으러 방문 했어요 사진 대박 이쁘게 나오네요,긍정적
영진해변,모래사장 완만 해서 모래 놀이 하기 정말 좋아요 한적하고 조용해서 힐링 하기 좋아요 화장실 도 공사 중 이었지만 새로 짓고있었고 주위 편의점 이며 먹거리 도 다양하게 있네요,긍정적
영진해변,조용한 해변 원하시면 영진 해변 추천 해요 잘 쉬다가 왔어요,긍정적
영진해변,아름다운 해변,긍정적
영진해변,영진 해변 사람 도 적고 완전 예뻐요,긍정적
영진해변,파도 도 세지 않았고 아담하니 좋았습니다 년 월 일,긍정적
영진해변,도깨비 촬영 지,부정적
영진해변,오빠 신랑 자주 오자  사랑 영원히,긍정적
영진해변,작 지만 너무 예쁜 해변 가족 산책 하기에 너무 좋은 곳,긍정적
영진해변,박 추 커피 마시다 창문 보이는 바다색 이끌려 드라이브 온 곳 최고다 해안가 도로 변 주차 하고 음악 만 들어도 너무나 기분 좋고 멋있던 곳,긍정적
영진해변,해수욕 하기 좋은 곳 앞 카페 즐비해있다,긍정적
영진해변,너울 성 파도 크면 바다 수영 못 한다하지만 곳 은 천 연 바위 덕 파도 크지 않다 있는 가족 단 위로 오면 좋다  개인 적 인 그늘 막 파라솔 설치 할 수 없다 검은 티 입은 건장한 남성 못 하게 막는다 대신 형님 형님 부르는 양팔 문신 있는 남성 원 주고 파라솔 빌려야 한다 은박 돗자리 하나 준다  수상 안전 요원 없다 곳 은 수심 앞쪽 은 낮 지만 깊어지는 곳 있어 수 금지 구역 안내 문 구가 설치 되어 있다  깔끔하다 그늘 막 도 떼기 시장 처럼 사람 난잡하게 몰리 지 않아서 좋다  원 아깝지 않다 최고 에요,부정적
영진해변,관광지 좋아요,긍정적
영진해변,모래사장 보면 한 숨 만 나옴,부정적
영진해변,해변 자체 는 동해안 해변 보다 좋지는 않지만 방파제 도깨비 촬영 지에서 바라본 바다 는 진짜 아름다워요 해안 방파제 와는 비교 할 수가 없을 뿐 만 아니라 영진 해변 에만 작은 방파제  갠 있는데 드라마 나온 방파제 본 느낌 가장 좋아요 드라마 로케 장소 전문 담당 하는 사람 있다 던데 진짜 전문가 은 다르네요 늦은 오후 갔는데 드라마 나온 바다 분위기 여서 정말 정말 좋았어요,긍정적
영진해변,제일 좋아하는 해변 이에요,긍정적
영진해변,본 바다 중 젤 예뻤어요 너무 너무 너무 예뻐요 사람 도 적어서 좋아용 ,긍정적
영진해변,저 는 처가 쪽 이라 오는데요 그냥 여느 동해 바다 랑 다를 바 없습니다 팁 랄 까 바위 모여있는 곳 그나마 놀기 좋고 근데 좀 좁구요 대신 자잘한 고기 많이 있어서 간이 스노 쿨링 체험 하기 좋구요 반려동물 출입 금지 니 참고 하시고요 좀 외곽 가면 개인 파라솔 이나 바람막이 쳐도 딱히 재제 없고 맘 편히 놀다오기 좋아요 여긴 아무래도 해수욕 보단 먹거리 니 잘 드시고 보너스 놀다 간다 생각 하시면 꽤 괜찮은 곳 이에요,긍정적
영진해변,해변 산책로 따라가다 보면 친절한 고양이 님 두운 밤길 헤매 일까 에스코트 도 해주십니다 나란히 앉아서 밤 바다 도 바라보고 왔어요,긍정적
영진해변,조용하고 아늑한 해변,긍정적
오죽헌,신사임당,긍정적
오죽헌,오죽헌 본당 만 볼 만 했다 햇빛 쏟아지고 대나무 날리는 소리 도 들려 꽤 오래 머무르다 갔음,부정적
오죽헌,산책 하긴 좋네요 입장료 삼천원 은 좀,긍정적
오죽헌,들러 보긴 좋은 곳 입장료 삼천원 은 좀 아까웠지만,긍정적
오죽헌,산책 하기에 좋아요,긍정적
오죽헌,신사임당,긍정적
오죽헌,비추 사적지,부정적
오죽헌,신사임당 기리 며,긍정적
오죽헌,산책 하기 좋아요,긍정적
오죽헌,보통,부정적
오죽헌,박물관 매우 시원하다,긍정적
오죽헌,개천절 맞아 갔는데 도로 침수 못 감아 쉬어요,긍정적
오죽헌,잘 관리 하고 있는것 같은데 입장료 너무 비싸요,부정적
오죽헌, 걷기 좋은 곳  유적지  입장료 있고 무료 주차장,긍정적
오죽헌,역사 적 관광지 좋네요 입장료 도 저렴하구 요정 원 도 나름 잘 되어있습니다 강릉 가시 면 필수 가셔야죠,긍정적
오죽헌,깔끔한 공원 입장료 는 받는지 이해 안 가는 곳,부정적
오죽헌,강릉 왔음 한번 쯤 은 가봐야죠,부정적
오죽헌,역사 관광지,긍정적
오죽헌,주차 하고 입장료 사고 잘 보고가요,긍정적
오죽헌,가장 오래된 건축물 이라고 하던데 보존 아주 아주 잘 되어 있음,긍정적
오죽헌,강릉 여행 하면서 가장 좋았던 곳 오죽헌 이었어요 입장료 천원 인데 볼 거리 풍 성합니다 둘레길 도 적절했고 박물관 체험 부스 도 꽤 많고 집 이나 터 내부 많이 공개 해줘서 몰입 돼서 좋았어요,긍정적
오죽헌,한국 어미 아들 깊은 감동 역사,긍정적
오죽헌,위 한 교육 장소 ,부정적
오죽헌,깨끗하고 분위기 좋음,긍정적
오죽헌,오천원 권 벼루 있는지 처음 알 게 됐다 미세먼지 없어서 너무 좋았다,긍정적
오죽헌,문화재 설명 도 잘 되어있고 밥 먹고 산책 하기 딱좋았음,긍정적
오죽헌,춥긴 했지만 풍경 좋습니다,긍정적
오죽헌,찾기 쉽고 잘 보존 되어 잇 슴 정비 잘 되어 잇 슴,긍정적
오죽헌,꽃 피어있는 게 너무 예쁘고 관리 잘 되어 있는 같아요 산책 겸 해서 적당히 도 는 데 시간 시간 반 정도 되는 같습니다 이렇게 더운 날씨 실내 기념관 에어컨 하나 안 틀어져 있는 건 아쉬웠어요 ,긍정적
오죽헌,좋아요 여름 더우니 양산 챙기세요,긍정적
오죽헌,배롱나무 이뻐요 박물관 도 있고 가면 좋을거 같아요,긍정적
오죽헌,볼거리 는 좀 부족하다는 느낌 들지만 전반 적 만족,긍정적
오죽헌,오죽헌 아름다워요,긍정적
오죽헌,초딩 고함 고리 애 우는 소리 소음공해 엄청남 뉴스 보도자료 달리 백신 인센티브 도 없습니다,부정적
오죽헌,볼 건 없어요 근처 있다면 잠시 들릴 정도,긍정적
오죽헌,그냥 한 옥 건물 좀 있는 관광지 인 줄 알았는데 의외로 구성 알차고 잘 꾸며나서 좋았음 특히 신사임당 그림 매치 시켜 키우는 농작물 가장 기억 남음,긍정적
오죽헌,볼거리 도 많고 자연도 예쁘네요,긍정적
오죽헌,숲 속 산책길 초충 도 화원 좋았다 뜬금 없는 드라마 사임당 출연 제작 진 핸드 프린팅 은 그렇다 치고 입구 세계 최초 화폐 모자 오만원 오천원 이건 좀 치우시길 분들 혼 얼 인성 교육 논 하면서 오만오천원 은 너무 저렴하지 않나,긍정적
오죽헌,산책 하기 좋았어요,긍정적
오죽헌,유적 비해 공원 면적 이러나 싶을 정도 넓은  종류 별로 식물 있는 게 가장 유니크 함,부정적
오죽헌,걷기 가족 단 위로 괜찮음 산책 하기도 좋고 어르신 에게도 좋음,긍정적
오죽헌,오죽헌 자체 도 멋지지만 아늑한 숲길 정원 정자 넘 좋았음 코로나 시국 이지만 평일 이라 사람 별로 없었고 특히 뒤쪽 숲길 은 아무 도 없어서 홀로 산책 하며 힐링 하기 넘 좋았음,긍정적
오죽헌,덥기 전 다녀와서 좋았어요,긍정적
오죽헌,문화 해 선생님 설명 무척 재밌게 들었습니다 추천 합니다,긍정적
오죽헌,고 즈 넉 하니 가볍게 산책 하며 걷기 좋으네요 강릉 오면 꼭 오는 곳 이기도 하구요,긍정적
오죽헌,오죽헌 야외 외부 외 엔 휴 관 이라 볼 게 별로 없었습니다 코로나 끝나면 재 방문 하겠습니다,부정적
오죽헌,즐겁고 유익한 곳 이었습니다 가서 좋은 추억 만들고 갑니다 천원 만원 의의 도 다시 알 게 되었습니다,긍정적
오죽헌,좋아요,부정적
오죽헌,문화 해 님 꼭 신청 하세요 너무 뜻 깊은 였어요 정말 감사합니다,긍정적
오죽헌,교육 상 좋아요,긍정적
오죽헌,강릉 여행 오죽헌 가장 의미 있었던 같아요  성인 원 입장료 내고 들어갔지만 볼 거리 충분해서 아깝지 않았어요 설명 도 잘 되어있구요 오죽헌 자체 도 예쁘지만 강릉 시립 박물관 도 함께 있어서 구경 하기 좋았습니다 어린이 함께 가신다면 인성 교육 관 보고 나가셔요 참여 형 문화 체험 가능합니다 ,긍정적
오죽헌,포토 존,긍정적
오죽헌,오래전 방문 해서 이렇게 재정 비 한지 는 모르겠지 만고 즈 넉 한 느낌 은 온데 간데 없고 그냥 아무 곳 이나 다 있는 그냥 박물관 느낌 변질 오죽헌 상관없는 강릉 유물 즐비 천원 대비 볼 게 너무 없었음 실망,부정적
오죽헌,사진 찍기 좋르아 요 푸릇푸릇,긍정적
오죽헌,가족 끼리 잘 보고 왔어요 ,긍정적
오죽헌,시설 깨끗하고 구경 하기 좋았습니다,긍정적
오죽헌,그다지 볼 없음,부정적
오죽헌,최고,긍정적
오죽헌,한번 보기 충분합니다 깨끗하게 잘 관리 되어있어요,긍정적
오죽헌,이뿜,긍정적
오죽헌,강원도 나들이 둘러보기 좋아요,긍정적
오죽헌,구경 할 거리 도 많고 신사임당 율곡이이 대해 자세히 알 수 있었습니다 너무나도 인상 깊은 곳,긍정적
오죽헌,견득사,긍정적
오죽헌,고등학생 가보고 십년 만에 다시 가보니 감회 새로웠어요 널고 깨끗한 곳 역사 담뿍 담겨 있어요 해설 님 노래 하는 듯 한 멋진 해설 인상 깊어요,긍정적
오죽헌,좋았습니다,부정적
오죽헌,산책 겸 걷기 좋았고 관람 하기에도 넘 좋았어요  살 딸아이 에게도 유익한 프로그램 이었습니다 계절 마다의 느낌 달라 서 봄 가을 에도 보고싶네요,긍정적
오죽헌,깨끗하고 좋음,긍정적
오죽헌,지역 올 마다 봐야지 하면서도 미뤘었는데 주차 도 편안했고 볼거리 도 생각 보다 많았습니다,긍정적
오죽헌,아래 댓글 사람 좋음,긍정적
오죽헌,볼 도 많았고 유익했어요 날 좋았다면 아름다웠을듯 아버지 환갑 여행 중 들린 한 곳 이었는데 고 즈 넉 하고 좋았습니다 강릉 오죽한 옥 마을 숙박 이용 시  퍼 할인 받을 수 있어서 더 좋았어요,긍정적
오죽헌,볼거리 많고 가이드 설명 유익해요,긍정적
오죽헌,넓고 볼것두 많아요,부정적
오죽헌,아주 좋은 유적지 꼭 보고가세요,긍정적
오죽헌,유교사상 성리학 정말 싫다지 금도 제사 남존 비근 원 짜증 강릉 간김 가보자하여 감 평일 낮 이라 그런지 사람 없음 실내 박물관 은 유적 물등 전시 되어있고 생활 쓰이던 물건 은 어릴 봤던것 들이 제법 있음 후딱 후딱 둘러봄 그냥 넓은 공 원 날 이렇게 좋고 사람 도 없는데 마스크 껴야 한다는 게 아쉬움 별로 볼건 없음 둘다 지폐 있는 건지 사임당 보단 유관순 차라리 낫겠고 이순신 원 짜리가 말 됨 고구려 역사 빼앗으려는 중국 견제 위 해서도 만원 권에 광개토대왕 넣어 야하는건데 난 별로 이이 사임당 공헌 모르겠고 업적 비해 대우 좋은 듯 싶음 한쪽 방향 세 뇌교육,부정적
오죽헌,생각 보다 꽃 많아서 산책 겸 좋아요,긍정적
오죽헌,입장료 천원 안 크게 별 건 없고 오죽헌 보면 끝 이긴한데 날씨 좋아서 힐링 하고 옴 신선 처럼 쉬 다감,긍정적
오죽헌,볼 게 많은게 중요한게 아닙니다이 장소 가진 의미 중요한거죠 해설 도 꼭 들으세요 추천 추천,부정적
오죽헌,많은 볼거리 위 하기 보단 오죽헌 가진 의미 좋았고 가족 잠시 들러 얘기 하며 산책 하기에도 좋은 공간 이었습니다,긍정적
오죽헌,입장료 천원 이고 산책 하기 좋아요 돈 안 아까우니 한번 씩 들려 봤음 좋겠어요,긍정적
오죽헌,왜인 지 모르겠으나 너무 잘 되어있음 입장료 싸고 컨텐츠 다양,긍정적
오죽헌,입장료 도 저렴하고 주차 편하고 안 체험 할 곳도 있고 구경 하기 좋아요,긍정적
오죽헌,산책 하기도 좋고 볼거리 도 많은 곳 율곡 이이 되고 애 엄마 신사임당 되길 바라면서 가는 곳 신사임당 좋은 가르침 글귀 남아있어서 볼 수 있다,긍정적
오죽헌,둘러보기 좋은 곳,긍정적
오죽헌,한가롭게 공원 거닐며 공기 맑아서 기분 좋아졌어요 생각 보다 많이 넓고 이율곡 선생님 생가 터 보며 감동 바램 기리 며 옆 화폐 박물관 도 관람 하고 왔습니다,긍정적
오죽헌,현 존 하 는 가옥 중 역사 가장 오래되었다기에 본래 모습 인가 했더니 정화 사업 다 철거 하고 복원 한 이라고 하는 기사 있네요 실제 역사 현장 보고 싶었는데 좀 아쉽습니다 내부 박물관 도 있고 꽤 넓어서 걸 만해 요 화폐 박물관 한국 화폐 역사 보니 새롭 기도,부정적
오죽헌,재밌었습니다,긍정적
오죽헌, 방문 만원 권과 오천원 권 배경인 오죽헌 율곡이이 초상화 앞 향 피우고 책 친해지길 빌고 신사임당 율곡이이 잘 가꾼 율곡 보니 너무 멋지네요 참 마음 차분해지는 곳,긍정적
오죽헌,볼거리 많아요,긍정적
오죽헌,장 고 즈 넉 한 분위기 화폐 전시관 저렴한 입장료 단 날씨 빨 많이 받음 의외로 기대 이상인 관광지 산책 겸 가볍게 둘러보기 좋음 원 짜리 지폐 필수,긍정적
오죽헌,해설 프로그램 꼭 들어야 합니다,긍정적
오죽헌, 번째 봄 가을 겨울 방문 박물관 좋아요,긍정적
오죽헌,숙제 아니었으면,부정적
오죽헌,잔잔하고 조용하고 꽤 넓은 야외 공간 보물 같은 한 옥 주거 공간,긍정적
오죽헌,참 깔끔하게 유지 되는 곳 느껴졌습니다 우리나라 역사 최고 석 학 중 하나 인 율곡이이 출생지 작고 허름 한 방인 게 사람 잠재력 은 공간 제어 할수 없 음 깨닫고 갑니다 화폐 박물관 도 너무 좋았습니다 아기 딸려서 가족사진 하나 찍기 어려운데 포토 존이있어 좋았습니다 강릉 오시 면 오션 뷰 도 좋은데 도 꼭 들르세요,긍정적
오죽헌,한적하니 좋습니다 이이 신사임당 대한 설명 도 가득합니다,긍정적
오죽헌,볼거리 도 다양하고 시간대 잘 맞춰가면 설명 들으면서 다니는 도 좋을 거 같아요,긍정적
오죽헌,굉장히 멋있네요 박물관 은 크진 않아요 구석구석 보셔요,긍정적
오죽헌,오죽헌 해설 선생님 이랑 맞춰서 꼭 해설 도 들어 보세요 오죽헌 여러 번 가봤는데 해설 들은 날 가장 좋았네요  이랑 가기 정말 좋은 곳 이에요 지폐 박물관 미디어아트 유익하게 잘 만들어 뒀어요  서 만 시간 놀아 버림  큐 ,긍정적
오죽헌,입장료 도 싸고 주변 박물관 도 함께 둘러볼 수 있어 좋았습니다,긍정적
오죽헌,년 방문 그럭저럭,부정적
오죽헌,강릉 오죽헌 오죽 까만 대나무,부정적
오죽헌,강릉 여행 할 꼭 들러요 찬찬히 둘러보기 좋구 맞으면 해설 자 분 설명 도 들을수 있어 좋음,긍정적
오죽헌,입장료 받기에 조금 아쉽지만 볼 만 해 요,긍정적
오죽헌,걷기 좋은 포토 존,긍정적
오죽헌,강릉 시민 날 와서 입장료 원 이네요박물관 너무 좋아요,긍정적
오죽헌,뷰 도 괜찮았고 시설 도 좋았습니다 진짜 지폐 본 그림 정말로 똑같았어요,긍정적
오죽헌,산책로 포토 존 나들이 걷기 좋은,긍정적
오죽헌,입장료 생각 보다 비싸요,부정적
오죽헌,기대 없이 갔는데 조경 도 잘 되어있고 건물 도 관리 잘 되어서 기분 좋게 다녀왔어요 은 인성 교육 관 정말 신나게 놀더군요 사진 도 많이 찍고 기념품 샵 대나무 부채 도 사고 재미있었어요,긍정적
오죽헌,한번 쯤 가볼만 한 곳,긍정적
오죽헌,괜차늠,긍정적
오죽헌,엄마 아빠 가고싶어 하셔서 별 기대 없이 갔는데 생각 보다 너무 재밌게 봤어요 폭염 주의보 인 날이었지만 안 실내 다양한 체험 경 거리 생각 보다 많아서 덥지만 중간 중간 쉴 곳 다 있어요 성인 입장료 원  명 아깝지 않게 잘 보고 잘 즐기고 왔어요 그늘 많지는 않아서 양산 필수,긍정적
오죽헌,율곡이이 보러 다녀왔어요 분위기 좋음 ,긍정적
오죽헌,볼 게 없다,부정적
오죽헌,사람 많이 없고 좋아용 ,긍정적
오죽헌,정말로 오죽 있더군요 오래전 가서 지금 모습 은 다를 듯 요즘 도 오천원 권 꺼내서 비교 해 볼까,부정적
오죽헌,주말 이라 사람 엄청 많아서 정신 좀 없었지만 잘 가꾸어진 권역 신명 는 농악 공연 인상 깊고 좋았어요,긍정적
오죽헌,화폐 박물관 재밌 음해 님 설명 아주 상세 하고 재밌음 산책 하기 좋고 매화 산수유 예쁨,긍정적
옥계해변,파도 도 잔잔하고 물 도 깨끗합니다 지금 은 초가을 이라 옥계 해변 쪽 에는 입수 하 는 사람 없네요 한적하고 좋아요,긍정적
옥계해변,작년 봄 캠핑 다녀왔는데 너무 아름답고 좋았던 곳,긍정적
옥계해변,여긴 만 알 고 싶은 곳,부정적
옥계해변,토욜 묵었던 곳 좋아요,긍정적
옥계해변,성 수기 끝물 이지만 사람 적어서 좋았습니다 소나무 그늘 도 충분히 있어서 최고 한가지 아쉬운건 바다 출입 금지 부표 너무 가까워요 부표 앞 일어나 보면 허리 도 안 오는 물 깊이 제 키  조금 만 물놀이 할 곳 넓어지면 좋겠어요,긍정적
옥계해변,결론 말 하자면 몸 은 힐링 인데 마음 은 더러워지는 옥계 해수욕장 해변 넓고 소나무 숲 도 잘 조성 되어 하지만 마을 운영 위원회 라는 사람 수시로 돌아 다니면 일명 자릿세 명목 월 월 에는 기본 원 씩 받습니다 텐트 좀 크다 싶으면 만원 우리텐트는  인빽패킹용  카드 영수증 않 그냥 일 용건 명함 크기 스티커 한장 무조건 현금 받아 주머니 넣더군요 장부 기재 이런거 없습니다 관리 비 사용 처 물어 니 청소 물 전기 우물쭈물 그냥 그렇게 사용 한답니다 그렇구나 했는데 주변 수시로 봉사 하시는 분 마주치게 되어 너무 고생 하신다고 말씀드리며 관리 비 인건비 안전 요 원 청소 수 도등 사용 하시냐고 여쭤 보니 청소용역 수도 시설 가로등 전기 는 시 지원 받으며 주민 운영 위원회 일절 아무 관계 없답니다 그러면서 제 관리 비 명목 원 줬다고 하니 저희 텐트 보고 저렇게 작은 텐트 천원 받다니 너무 했다고 합니다 뒤 늦은 후회 말 그대로 조폭 도 아니고 그냥 동 앞 이라고 아무런 보상 도 없이 자리 받다니 이건 아니다 싶네요 도대체 관할 행정 부서 는 걸 용납 합 니까 차라리 관할 행정 처 관리 비 받고 영수증 처리 하세요 눈뜨고 당 해보니 어의 없네요 산책 하 며 둘려 보니 대략 성 수기 하루  동 은 칠수있을것 같은데 대략 계산 해서 하루  백오십만원 씩 성 수기  달이 면 억 칠천만원 세금 한 푼 않네고 고스 란 히 동네 개인 주머니 들어 갑니다 가만 보니 한 사람 돈 받으로 다니니 충분 개인 착복 가능 합니다 잔돈 주 려고 주머니 꺼내니 정리 되지 않는 돈 뭉치 장난 아니였습니다 옥계 해수욕장 주변 환경 캠핑 환경 좋아요 하지만 동네 주민 무상 공양 받치며 캠핑 하지 마세요 관할 관청 알면서 모른 척 하는 건지 이런건 시정 조치 하세요 강릉시 옥계면 관할 기관 장님 정신 챙기세요 더러운 기분 때문 다시는 옥계 해수욕장 않 갑니다 년 대한민국 강릉시 옥계 해주 욕 장 은 몸 은 힐링 인데 마음 은 더럽습니다,긍정적
임해자연휴양림,이틀 머물고 왔는데요 시설 은 쏘 쏘 뷰 는 최고 예요,긍정적
임해자연휴양림,봄 가니 진달래 동산 바다 도 보이 고 조용하고 에도 가려고요,긍정적
임해자연휴양림,가장 최근 지어졌다는 구름 동 넓고 깨끗하고 베란다 심어진 꽃 인상 적,긍정적
임해자연휴양림,휴양림 끝판 왕 경치 숙소 직원 친절함 최고 였습니다 제일 위 있는 하늘 동이 경치 는 최고,긍정적
임해자연휴양림,바다 보이는 풍 광 끝내주고 휴양림 근처 산책길 도 좋고 직원 관리 참 잘 합니다,긍정적
임해자연휴양림,새로 리 모델링 한 건 지 시설 도 깨끗하고 조용하고 묵기 좋았어요,긍정적
임해자연휴양림,처럼 씽트대 깨끗한 휴양림 은 없었다 아침 해돋이 도 장관 이고 너무 깊숙히 있어서 그게 좀 흠,긍정적
임해자연휴양림,전망 좋고,긍정적
임해자연휴양림,엔 자러 봐야지,부정적
임해자연휴양림,인근 해수욕장 가까운 위치,긍정적
임해자연휴양림,년 월 숙박 전망 매우 좋습니다 뒤 괘방산 활공 장 올라갔다오면 좋아요,긍정적
임해자연휴양림,주 방기 청소 욕실 뷰  침구 는 직원 친절 감사 합니다,긍정적
임해자연휴양림,유일한 바다 볼 수 있는 휴양 소라 는 데 바다 보기란 하늘 동 일부 제외 한 곳 은 그냥 숲속 있다고 생각 하면 바다 멀고 지평선 만 보여 하늘 진배 없어요 오르는 길도 가파르 고 실내 인테리어 바닥 도 좀 해야 요,부정적
임해자연휴양림,너무 좋습니다 점점 사람 많이 알려져서 숙박 예약 쉽지 않네요 ,긍정적
임해자연휴양림,바다 한눈 보이는 전망 정말 멋진 곳 구비 된 식기 침구 도 깨끗하고 성 품목 적절하게 잘 갖추어져 있어요 수건 마 실물 매일 제공 해주어서 편리했어요 그간 다녀 보았던 휴양림 중 최고 라고 인정 합니다 계속 가보고 싶은 곳 강추,긍정적
정동진해변,경치,긍정적
정동진해변,시원한 바닷가 편 위시 설도 좋았습니다,긍정적
정동진해변,전경 좋아요 워낙 유명해서 말 않 해도 아실꺼 에여,긍정적
정동진해변,경치 는 좋아요 아쉽게 근처 공 사중 조 각공 원 좋아요 넘 이쁨 혼자 보다 데이트,긍정적
정동진해변,정동진 일출 징 짜 예쁨 엄청 진하고 파란 바다 진한 주황 빛 빨간 빛 일출 예술 새벽 출발 해서 바다 보며 컵라면 먹었는데 꿀맛 이네 용 ,긍정적
정동진해변,사진 둘러보다가 생각나 남깁니다 옛날 과는 많이 달라졌으나 아름다운 곳,긍정적
정동진해변,좋 긴한데 좋 긴한데 모래 신발 들어가요 ,긍정적
정동진해변,정동진역 옆 앞 무료 주차장 도 넓게 있어서 좋았습니다,긍정적
정동진해변,무료 주차 가능,긍정적
정동진해변,년 방문 가볼 만해 요,긍정적
정동진해변,뷰,긍정적
정동진해변,그냥 평범 해돋이 보기 는 좋을듯,부정적
정동진해변,그냥 바닷가 인데 제일 동쪽 이고 해돋이 볼수 있고 유명 세 타고 모래시계 에도 나왔고,긍정적
정동진해변,최고 에요,긍정적
정동진해변,아름다 움,부정적
정동진해변,밭 감자 옥수수 식재,긍정적
정동진해변, 드라마 모래시계 촬영 지로 유명한 정동진 지금 은 해돋이 명소 수 많은 인파 해돋이 보려고 찾아온다 주변 관광지 로는 레일바이크 썬 쿠루 즈 호텔 정동진역 정동진 해수욕장 있다 고현정 생각나는 추억 속 장소 사진 해수욕장 전경 썬 쿠루 즈 호텔 전경,긍정적
정동진해변,너무나도 깨끗한 바다,긍정적
정동진해변,강아지 랑 산책 하는데 누 군 진 모르지만 욕먹 기전 강아지 데리 고 돌아가라는 곳 두 번 다시 근처 도 안 갈거다,부정적
정동진해변,철도역 내리면 바다 산위 배한 척  나머진 관광 명소 보다 못 함,부정적
정동진해변,오전 가니 사람 도 적고 바다 도 반짝반짝 힐링,긍정적
정동진해변,너무 이뻤어,긍정적
정동진해변,정동진 은 국민 여행지 관광지 인정 바다 산 철도 모든 낭만 다 모여 잇음 식당 은 보통 지자체 여행객 배려 한다는 느낌 정도 주차장 화장실 포토 존 볼거리 곳곳 많이 배치 해서 정말 편리함,긍정적
정동진해변,날 흐리지 않아도 구름 조금 끼 면 일출 보기 어렵네요,부정적
정동진해변,드라마 서 보고 담날 달려 요요 시원시원,긍정적
정동진해변,경복궁 일직선 동쪽 위치 한다 해서 정동진 아무 도 없는 바다 이지만 기차역 운치 더해 주고 시원하게 밀려 드는 파도 근심 없애준다,긍정적
정동진해변, 헌화 해안 도로 정동진 정서진 정남진 중강진,긍정적
정동진해변,그냥 마냥 좋구나 ,긍정적
정동진해변,좋음,부정적
정동진해변,겨울 가면 진짜 겨울 바다 바람 매서 움 느끼게 해주는 곳,긍정적
정동진해변,정동진 해돋이,긍정적
정동진해변,정동진역 모래시계 공원 거쳐 썬 크루즈 부근 둘러보시면 좋습니다,긍정적
정동진해변,해변 자체 즐기시기 좋은 곳 정동진역 은 젠 내부 못 들어가고 바다 바라보고 오른쪽 모래시계 공원 레일바이크 박물관 있어요 박물관 은 비추 절대 적 패스 ,부정적
정동진해변,힐링,긍정적
정동진해변,티비 봅시다,부정적
정동진해변,다리 생겼네요,부정적
정동진해변,배는 대양 향 해 항구 떠나고 싶다,긍정적
정동진해변,생각 보다 작아서 가볍게 산책 하기 좋아요 갑작스레 파도 들이 쳐서 한쪽 바지 신발 다 젖었지만 요 ,긍정적
정동진해변,잔잔한 해변,긍정적
정동진해변,예전 이나 지금 이나 변함 없이 맘 편한 장소 앞 으로도 기대 되는 정동진,긍정적
정동진해변,바다 장난 아니에요 넘칠 거 같아요 조심,긍정적
정동진해변,겨울 에는 해돋이 명소 아님 인공 조물 다리 사이 해 떠서 보기 않 좋아요 저런 걸 만들서 경관 망치는지 해변 모래 도 깍여서 벼랑 처럼 파이 고 만에 벼르 고 해돋이 보러 왔다가 실망,부정적
정동진해변,더러워,부정적
정동진해변,왕 큰 해 보고싶다면 정동진 이래서 일출 맛집 이구나,긍정적
정동진해변,경치 환상,긍정적
정동진해변,너무 좋았어요,부정적
정동진해변,특색 사라졌어요 예전 정동진 아니네요,긍정적
정동진해변,일출명소 산책로 포토 존,긍정적
정동진해변,했는데 정동진 왔다고 많은 분 일출 보러 나왔더군요 정기 받아 갑니다 근데 해변 들어가는 굴다리 협소 하고 후미진데 해변 정비 사업 좀 했으면 좋 겠네여,부정적
정동진해변,예뻐요,긍정적
정동진해변,일출 명소 하지만 주차공간 은 너무 협소하 니 해돋이 관객 분들 은 일찍 오셔 야해요,부정적
정동진해변,한번 쯤 은 가볼만 한 장소 의외로 바다 참 예쁨 해 완전 큼,긍정적
정동진해변,년 전과 비교 해서 변한게 없음 좋은 건지 나쁜 건지 걍 지나가다 들려 볼 만 한 곳 바뀐듯,부정적
정동진해변,정비 해서 보기 좋고 소 나무숲 바닷가 반려동물 입장 안되어요,긍정적
정동진해변,바다 뷰 진짜 좋아요,긍정적
정동진해변,어쩌면 추억,긍정적
정동진해변, 드라마 모래시계 유명해진 해변,긍정적
정동진해변,썬 크루즈 호텔 봤는데 불빛 멋졌습니다,긍정적
정동진해변,년 만에 봤는데 많이 개발 되어 민박 촌 길 건너면 백 사장 이었던 작고 소소하던 해변 아니게 되었네요 뉴스 통해 서 들었던 난 개발 망가졌다는 얘기 심하게 훼손 되지 않아서 천천히 걷기 좋았습니다,긍정적
정동진해변,바닷가 개인 돗자리 파라솔 피 면 돈 받는답니다 강릉시 개인 한테 바다 해변 임대 줘서 수익 내 보내요 유념 하시고 방문 하세요,부정적
정동진해변,진짜 예쁘고 진짜 가봤던 바다 중 제일 좋앗 습 다 진짜 추천,긍정적
정동진해변,일출명소 레일바이크,긍정적
정동진해변,정서진 비해 볼 게 많음,부정적
정동진해변,물이 맑고 경관 좋와 요,긍정적
정동진해변,좋아요,부정적
정동진해변,정동진 은 답답할 자주 찾는 곳 에도 당일치기 갔다 왔는데 는 저녁 기차 다가와서 가까운데서 여유롭게 즐기고 가고싶은데 택시 기사 아저씨 목적지 까지만 태워다 주면 되는데 자꾸 영업 하시는지 가니 타는 택시 마다 자꾸 영업 하려 해서 짜증 올라왔네요 아무리 생각 을해 도 택시 가이드 해주겠다는 곳 갔다오면 촉박하고 늦을거 뻔한데 계속 넉넉하다 괜찮다 돈독 올른것인지 손님 입장 에서는 생각 전혀 안 하더군요 그게 여행 는 너무 짜증났네요,부정적
정동진해변,예뻐요,긍정적
정동진해변,정동진 바다 비오는 날 이지만 역시 멋짐 폭팔,긍정적
정동진해변,너무 아름다운 동해 마다 한눈 보이는 장소,긍정적
정동진해변,그냥 바다 이쁜 곳 은 동해안 많음,부정적
주문진방사제,서 사진 찍었는데 너무 잘나옴,긍정적
주문진방사제,노을 파도 예쁜 곳,긍정적
주문진방사제,맛있어요,부정적
주문진방사제,사진 찍기 괜찮음,긍정적
주문진방사제,방파제 사진 찍기 좋고 바다 는 예쁜데 주변 아무 도 없어서 지나가는 길 들리면 좋은 정도,긍정적
주문진방사제,도깨비 촬영장 소로 유명한 곳줄 서서 사진 찍 정도 는 모르겠어요 ,부정적
주문진방사제,도깨비 촬영 지로 갔는데 짱 좋았음 사진 찍는데 웨이 팅함,긍정적
주문진방사제,목요일 시 쯤에가니 사람  명 만 있어서 금방 찍었어요 근데 파도 중간 세게 쳐서 옷 버릴수 있으니 조심하세요,긍정적
주문진방사제,입장료 는 없음 주말 낮 시간대 가면 사람 많으니 주의 하시길 바랍니다,부정적
주문진방사제,들리면 좋은 곳 사진 만 찍고 호다닥,부정적
주문진방사제,저 는 드라마 안 봐서 잘 모르고 옆 백 사장 갈매기 님 들이랑 놀았는데 가는 줄 몰랐어요,부정적
주문진방사제,도깨비 첫 맛남 촬영 장소,긍정적
주문진방사제,도깨비 촬영 지 중 한 곳 방사제 외 아무 도 없어요 모래사장 도 없고 길도 좁아 기념 사진 촬영 외 에는 할만 한 일이 없다는 점 아쉽습니다,부정적
주문진방사제,사진 찍으러 고생 하며 올 필요 까진,부정적
주문진방사제,진짜 예쁘고 사진 도 잘나옵니다 힐링 하 다가 가는 느낌 이네 용,긍정적
주문진방사제,맞은 편 젤라또 가게 꽃다발 목도리 빌려주더라구요 근데 드라마 안 본 사람 한테 는 감흥 없는 곳 이었어요 바람 엄청 불 고 아직 좀 추웠어요,부정적
주문진방사제,멋져요,긍정적
주문진방사제,방파제 하나 만 있는게 아니였네요 진짜 촬영 지는 사람 많아서 옆 방파제 찍었어요 세븐일레븐 편의점 뒤쪽 작 지만 주차장 있어요 화장실 도 있구요,부정적
주문진방사제,도깨비 촬영 지 도깨비 팬 엿 던 분 은 한번 가셔서 사진 찍고 오시는것도 나쁘진 않을거 같아요,긍정적
주문진방사제,사진 찍었으면 사람 위해 서 좀 피 해줍시다 거깃 한참 앉아서 노닥거리 고 그럽니까,부정적
주문진방사제,기대  도 안 했지만 주변 공사 하다 보니 별로 였습니다 그냥 근처 카페 전망대 올라가서 감상 하세요,부정적
주문진방사제,사진 잘 나오는데 방파제 부딪히는 파도 바닷물 샤워 할 준비 는 하셔 야해요 ,부정적
주문진방사제,도깨비 촬영 지,부정적
주문진방사제,일출 짱,긍정적
주문진방사제,현재 는 큰 공사 중 이라 접근 하지 못 하고 입구 서 바라만 볼수 있어요 도깨비 방송 되 기전 에는 그냥 평범한 여러 개 있는 방사 진중 하나 였는데 특별한 풍경 은 없어요,부정적
주문진방사제,하필 갔을 공사 한 다 고 막아 놔서 제대로 못 봤네요 바람 엄청 불어 서 파도 장 난 아니였어요 경치 는 쵝오,부정적
주문진방사제,바다 이쁨,긍정적
주문진방사제,정말 좋았음 다 사진 도 열심히 찍어주시고 겨울 추천,긍정적
주문진방사제, 방문 현재 공사 중 안쪽 까지는 갈 수 있음 도깨비 촬영 장소 매우 유명한 곳,긍정적
주문진방사제,예뻐요,긍정적
주문진방사제,사진 기 막히게 나오네요 사진 찍기 위해 줄이 쫘 아악 하지만 즐거웠어요 잠고로 저희 는 주차 근처 도깨비 쉼 터 공 주차장 강원 강릉시 주문진읍 교항리  하고 걸어갔습니다,부정적
주문진방사제,도깨비,긍정적
주문진방사제,밤 가시 면 안됩니다 아무 도 없거든요 낮 여친 남친 꽃 고 가서 사진 찍으시면 이쁠것 같아요,부정적
주문진방사제,도깨비 방파제,부정적
주문진해변,바다 색감 무 맑고 예쁘다 역시 동해 바다,긍정적
주문진해변,바다 진짜 예뻐요 리뷰 보면 칭찬 일색 이던 데 이유 있더라고요 올 여름 갔다 온 해수욕장 중 제일 좋았어요,긍정적
주문진해변,갑자기 간 주문진 좋았어,긍정적
주문진해변,바다 새 파래 서 너무 예뻤어요 캬,긍정적
주문진해변,정말 아름다웠던 바다,긍정적
주문진해변,차 박하기 좋은 해변 파도 소리 우렁차네 요,긍정적
주문진해변,에도 소원 탑 행사 하겠지,긍정적
주문진해변,성 수기 아닌 시기 평일 가니 탁 트이고 조용한 동해 바다 즐기기에 좋았다 곳곳 사진 포인트 도 있어 삼삼오오 즐기는 사람 있고  정류장 도 있음 관리 도 깨끗하게 잘 되어 있어 좋아요,긍정적
주문진해변,인생 가본 적 있는 해변 중 제일 아름다워요 공기 냄새 최고 좋았고 먼지 가장 적었어요,긍정적
주문진해변,멋지고 넓 찍 한 해변 해변 가는 길도 이쁨,긍정적
주문진해변,제주도 바다 보다 예뻐요  에메랄드 빛,긍정적
주문진해변,진심 저만 알 고 싶은 곳 이네 요,긍정적
주문진해변,주차장 도 넓구 바다 에메랄드 빛 너무 이뻐요 바람 쐬면서 멍 때리는거 좋아하시면 추천,긍정적
주문진해변,주차 하고 바다 뷰 감상 하 며 해안길 걷기 좋아요,긍정적
주문진해변,아름답고 해외 같은 곳,긍정적
주문진해변,향호 해변 은 역시 다,긍정적
주문진해변,잘 정비 되어진 바다 산책로 조형 물 넓은 주차장 상가,긍정적
주문진해변,주문진 좋아서 이사 갑니다 수도권 혼잡하고 시끄러 움 벗어나 주문진 일출 바다 쉬면서 커피 마시면서 일도 하고 맛있는 회도 대게 도 자주 먹으면서 일도 하려구요 코로나 오래 갈 거 같아서 수도권 집 정리 해서 내려가요,긍정적
주문진해변,아름다운 해변,긍정적
주문진해변,동해안 해수욕장 중 흔하게 볼수 없는 먼 곳 해수면 완만 해서 안전하게 놀기에 참 좋습니다 안전 요원 분들 도 열심히 시 고 요 저희 해류 떠밀려 깊은 바다로 가니까 가서 안쪽 끌고오시더라고요 뭐라고 혼내지도 않게 놀라지 않게 시 분들 퇴근 하셔서 수영 은 끝납니다 이후 에는 수영 금지 여서 얕은 곳 조개잡이 만 했습니다,긍정적
주문진해변,좋아요,부정적
주문진해변,한가할 오면 더욱 좋아요 동남아 해변 보다 좋네요 쓰레기 없으면 더 좋겠네요,긍정적
주문진해변,이름 느껴지는 분위기 달리 상업시설 없고 조용함 파도 소리 유난히 크게 들린다 해안선 아득히 펼쳐진 노을 아름다운 바다,부정적
주문진해변,포토 존 이뻐요 바다 힐링 하고 가세 요,긍정적
주문진해변,울 성 파도,부정적
주문진해변,탁트인 바다 넘 좋아요,긍정적
주문진해변,예뻐요,긍정적
주문진해변,바다 다,부정적
주문진해변,모래 곱다 규모 적당하고 해변 앞 소나무 펼쳐져있음,긍정적
주문진해변,좋 움,긍정적
초당순두부마을,기대 보다 맛 은 보통 인데 가격 넘 비쌈,부정적
초당순두부마을,기대 보단 정식 시키면 나오는 황태 구이 맛있음,긍정적
초당순두부마을,시 대부분 문 닫습니다 참고 하시길,부정적
초당순두부마을,아기자기한 여러 식당 카페 즐비 예전 엔 고택 작은 가게 많았는데 관광지 화 되면서 건물 도 커지고 꽤 현 대화 됐음 사람 도 많아지고 가격 도 사악해 짐,부정적
초당순두부마을,유명한 집 유명하지 않은 집의 차이 크지 않음 웨이 팅 짧은 집 가기 권함,긍정적
초당순두부마을,멥기만,부정적
초당순두부마을,굳이 차 막히는데 갈 필요 없음 그냥 시내 순두부 전문점 가는게 나을듯,부정적
초당순두부마을,터 무니 없이 비싼것만 다시가고싶음 두부 두 장 원 은 너무 심함,부정적
초당순두부마을,주차 요금 없었으니 입장료 는 없었고 바다 보이지 않았으니 뷰 는 모르겠고 좋은 사람과 함께 해서 그런 지 음식 은 좋았음,부정적
초당순두부마을,초당 순두부 마을 순 두 두 젤라또  호점 가게 앞 주차공간 있고 웨이 팅 줄 도 금방 줄어 먹을 수 있어 좋아요,긍정적
초당순두부마을,주말 점심시간 동화 가든 만 차라 대기 도 길어 주차장 여유롭길래 한번 가봄 밑반찬 은 맛있고 다양함 짬뽕 순두부 는 물 탄 듯 한 밍밍 함 자체 인기 많은 집 아닌 집은 분명 확실한 차이 있는 것임,부정적
초당순두부마을,마을 구경 하기에 나름 괜찮 바다 옆 한가한 시골 전형 적 인,긍정적
초당순두부마을,늦게까지 않 함 늦으면 갈 생각 ,부정적
초당순두부마을,음식 너무 짜요 동화 마을  명가 면 짬순  개 아니라 하나 는 짬순 하나 는 일반 순두부 시켜 드시는걸 추천 물롱 해장 엔 훌륭함,부정적
초당순두부마을,늘 강원도 오면 가는 곳,긍정적
초당순두부마을,강원도 음식 도 엄청 좋아졌군요,긍정적
초당순두부마을,이돈 받고,부정적
초당순두부마을,경포대 걸어가면 소 나무숲 사이 나오던 마을 여염집 부엌 의자 놓고 앉아 먹었던 낯선 순두부 기억,긍정적
초당순두부마을,괜찮고 주차 잘 되서 좋 긴한데 웨이 팅 오래 기다리면서 먹을 정도 는 아님,긍정적
탑스텐호텔 금진온천,우연찮 게 찾은 곳 인데 시설 정말 좋습니다 건성 피부 정말 좋습니다,긍정적
탑스텐호텔 금진온천,바다 잘 보이는 언덕 위치 해 있고 냉온 탕 열탕 습건 식 사우나 잘 갖춰져있어요 내부 벽 한 쪽 엄청 큰 스크린 있는데 시끄러운 뉴스 대신 힐링 될 수 있는 편안한 영상 틀어주면 더 좋겠어요,긍정적
탑스텐호텔 금진온천,사우나 시설 최고 물 도 미네랄 한가득 최고 에요,긍정적
탑스텐호텔 금진온천,투숙 객 아닌데 온천 용할 분 은 네이버 할인 티켓 구매 하고 방문 하세요 참고 경 로우 대 는 불가해요 고지 대 위치 하여 목욕 후 시원한 바람 머물다 갈 수 있고 온천장 도 깨끗하고 조용하고 여러 탕 있어 힐링 잘 하고 갑니다,긍정적
탑스텐호텔 금진온천,시설 도 괜찮고 물 도 좋고 사우나 습 식 건 식 땀 빼기 도 좋아요,긍정적
탑스텐호텔 금진온천,시설 도 좋고 깨끗해요 강추,긍정적
탑스텐호텔 금진온천,시설 매우 깨끗하고 관리 잘 되는 편탕안 에서도 바다 잘 보이 고 벽면 큰 스크린 사우나 미지근한 편이 라 아쉽네요,긍정적
탑스텐호텔 금진온천,가성 비 좋은 숙소 이며 조식 도 맛있고 온 천 욕 하기에도 좋아요,긍정적
탑스텐호텔 금진온천,온천 매우 좋습니다 족욕탕 앉아있으면 웃지못 할 일이 벌어집니다 안 에는 분명 사우나 인데 밖 에서는 거울 비추는지 사진 찍는 분 종종 ,긍정적
탑스텐호텔 금진온천,별 개 만점 드리고 싶었으나 남탕 앉아서 씻는데 비누 곽 있는 부분 물때 곰팡이 너무 많습니다,부정적
탑스텐호텔 금진온천,자유 수영 하기 좋은 곳 물이 좋고 온도 도 최적,긍정적
탑스텐호텔 금진온천,시설 완비 남탕 큰 스크린 메이저리그 틀어주니 온 탕 안 에서의 뻘쭘함 기 싸움 은 덜함  깨끗하고 온천 수도 좋은 듯 지하 주차 장이 좁고 주차 라인 면적 일 정치 않음,부정적
탑스텐호텔 금진온천,온 천 여행 위해 전날 덕 온천  박후 곳 탑스텐호텔  박하면서 온천 위해 방문 하였으나 온 천 탕 은 매우 실망 온천 수질 은 분석 데이터 믿는 다해 도 온 천 욕 기본 인 물의 온도 는 제대로 측정 해서 관리 해야 하는게 기본 일텐데 탁한 물이 있는 탕 만 온 천수 인데 물 온도 표기 는   도 디스플레이 되지만 실제 온도 는 보통 온 탕 보다 더 낮은 온도 라 온 천 욕 하는 건지 온천 욕 은 뜨건한 물 몸 담구는 자체 힐링 되는데 옆 열탕 온 천수 아님 은 수온  도 표기 되었지만 발 넣기 힘들 정도 뜨거워서 아무 도 들어가지 못 하는 상태 라 관리 하시는 분 온도 재 확인 해서 온 천수 온도 올리고 옆 열탕 온 천수 아님 은 온도 내려 달라 고 했는데 디스플레이 되는 온도 랑은 안 맞다는 둥맞 지 않는 온도계 그냥 사용 하는지 족욕탕 도 미지 근 탕 이건 기본 안된 온천 이라고 생각 됨 샤워 부스 내 샤워 꼭지 자동 은 초 나오고 끝 꼭지 도 확인 하니 초 초 아무리 물 절약 한다해 도 이건 사워 한번 하면서 스위치 몇번 눌러야 되는 건지 옆 꼭지 하나 만 대략 초 정도 나오고 나머지 는 다 찔끔 수준 짜증날 정도 결론 적 온천 이라고 하긴 무리 이며 대욕 장 은 일반 대 중탕 보다 못 하다는 결론 온 천 욕 기대하고 가면 실망 일 겁니다 덕구 백암 척산 비교 하면 글쎄요 온천 이라고 하기가 재 방문 하 지는 않을 듯 합니다,부정적
탑스텐호텔 금진온천,티비 보면서 멍 때리기 좋고 온천 물이 아주 좋아요 노천 탕 없는게 조금 아쉬움,긍정적
하슬라아트월드,예쁘고 볼 거리 많아용 ,긍정적
하슬라아트월드,강릉 정동진 가는 곳 위치 하여 정동진 같은 여행 코스 잡아도 좋을듯 싶습니다 미술관 같은 테마 공원 이라 이해도 필요할거 같습니다 야외 있는 조 공원 은 작품 내용 뿐 아니라 시원한 바다 조 망 도 있어 굿 입니다다만 조금 비싼듯 한 느낌,긍정적
하슬라아트월드,피노키오 전이 인상 깊었고 강릉 핫 플 레이스 인 평일 에도 사람 인파 많아요 한번 쯤 방문 해보기 좋아요,긍정적
하슬라아트월드,하슬라 아트 월드 강릉 가면 꼭 가봐 야하는 곳 생각 해요 진짜 진짜 왕 크고 사진 찍는거 별로 안 좋아하면 조금 곤욕 일수있는데 너무 커서 다 보고오려면 당 떨어짐 인생 샷 무조건 건지고 다이어트 된다는 점 장점 ,긍정적
하슬라아트월드,난 좋은데,긍정적
하슬라아트월드,바다 내려다 보이는 곳 자리 한 야외 미술관 산책 하 듯이 둘러보기 좋은 곳,긍정적
하슬라아트월드,사진 맛집,긍정적
하슬라아트월드,놀자,긍정적
하슬라아트월드,차 없으면 가지 마세요 뚜벅 절대 가지마 아무 도 가지마,부정적
하슬라아트월드,돈 아까 움 안가는걸 추천  바다 구경 하러 가세 요,부정적
하슬라아트월드,전시 는 볼 게 많지 않았다 조 공원 에서도 미술품 멋 지기 보다는 전망 좋았고 산책 하기 좋았다,긍정적
하슬라아트월드,여친 생일 기념 강릉 놀러 갔다가 방문 한마디 말 하면 기괴합니다 마지막 포토 스팟 빼고는 포토 스팟 이란 포토 스팟 은 다 사진 찍기 싫습니다 작가 가치관 있는지는 모르겠으나 알고싶지도 않음 여러가지 컨셉 아닌 기괴한 컨셉 유지 다 보고 나서 속이 메스꺼울 정도 기분 나빳습 니 다 가격 도 싼 편도 아니고 전시 퀄리티 좋은 도 아니고 곳 가세 요,부정적
하슬라아트월드,목요일 가니까 사람 은 많이 없었어요,긍정적
하슬라아트월드,갈게요,긍정적
하슬라아트월드,제 임 스완 감독 식 호러 좋아한다면 사람 없는 흐린 날 방문 추천,긍정적
하슬라아트월드,꼭 한번 가볼만 한 곳,긍정적
하슬라아트월드,정말 바깥 바다 뷰 말곤 어렵고 기괴하고 잘 모르겠네요 입장료 싼 편도 아닌 같습니다,부정적
하슬라아트월드,비수 기라 그런지 사람 출구 쪽 돈 안내 고 불법 입장 하던데 잡지 도 않고 굉장히 불쾌함,부정적
하슬라아트월드,야외 공원 버섯 있는건 좋았어요 근데 년 전 갈 보다 너무 두서 없고 안 통로 도 가야 할지 답답했음 야외 파이프 로만 든 길은 멋진데 길 걸어 올라가서 구경 해야하는지 내 부가 좀 이상하게 바뀐거 같아요,부정적
하슬라아트월드,여러 미술 작품 있는 미술관,긍정적
하슬라아트월드,저 구경 하면서 사진 찍고 추억 만들기 좋은 같아요 계단 오르고 내리고 해야하니 다리 불편하신 분 은 조금 생각 하고 가셔 야할듯 해 요 나이 있으신 엄마 도 넘 재밌어 하셨어요,긍정적
하슬라아트월드, 정서 방 한번 쯤 갈 만하 다,긍정적
하슬라아트월드,숙소 도 특이하고 야외 공원 도 괜찮았음,긍정적
하슬라아트월드,개인 적 인 감상 평 작품 좀 기괴하다고 느꼈습니다 전시 미술관 과는 다르게 의자 없어서 힘들었습니다 빨리 보고 나가라는 의도 일지 도 야외 전시 나와서 바다 산이 보이는 풍경 은 예뻤습니다 역시 밖에도 의자 없는,부정적
하슬라아트월드,할인 받아 싸게 다녀왔어요 도 넘 좋아하고 사진 찍 뷰 포인트 도 많고 좋았어요 미술 작품 도 넘 멋졌어요 강추,긍정적
하슬라아트월드,사진 찍기 좋은 곳 가격 은 좀 있는 편인듯 접근성 좋지 않고 주차 자리 많지 않아 사람 많으면 언덕 에다 세워 야합니다,부정적
하슬라아트월드,한번 은 가볼만 함,부정적
하슬라아트월드,직원 중 웬  대 후반 남성 자꾸 은근 히 고양이 괴롭히는거 대놓고 손님 보는 앞 하는지 고양이 한테 질투 함 안 보이는 곳 괴롭히는지 고양이 도 그남자 만 보면 피함 학대 신고 하기전에 그만 두 쇼,부정적
하슬라아트월드,독특하고 모던 한 현대 미술 작품 눈부시게 푸른 바다 볼 수 있는 전망대 있는 곳 가장 저렴한 입장료 원 관람 내용 비 하면 비싼 편임,부정적
하슬라아트월드,실내 전시 예쁘지만 포토 스팟 갯수 조금 부족하다고 느껴집니다 조각 공원 반복 성 높고 코스 길어서 후반 부 엔 좀 지루하고 힘듭니다,긍정적
하슬라아트월드,이정 도 규모 입장료 면 안 아깝네요 야외 는 특히 잘 꾸며져있어서 대단하다 했어요 동굴 포토 존 은 분 넘게 기다려서 찍었네요,부정적
하슬라아트월드,점심 만 든든히 먹고가면 둘러보기 좋아요 경치 도 좋고 산책 하기도 좋고 작품 도 많고요 저 는 기 대 이었습니다,긍정적
하슬라아트월드,비추에요 포토 존 은 정도 있지만 계단 진짜 너무 많아요 노 약자 분들 은 가는 길이 진짜 힘드실거에요 나가는 길이 험난하기도 한데 엄청 높은 곳 이라서 높은 곳 무서워하시는 분 도 힘드실것 같아요 굳이 돈 주고 가야되 싶기도 한 안 있는 카페 음료 마 실바 에는 걍 물드세요,부정적
하슬라아트월드,미술관 이랑 산책길 이쁨,긍정적
하슬라아트월드,다양한 미술 시원한 전망 멋진 곳 입니다다만 아쉬운건 좁은 주차장 좁은 이동 통로 고소공포증 있는 사람 은  한 출구 가는 전망대 계단 호기심 많고 활동 량 폭발 하는 아기 함께는 비추,부정적
하슬라아트월드,자연 조화 다양한 이야기 있는 곳,긍정적
하슬라아트월드,강릉 여행 중 비 많이 와서 들렸는데 정말 최고 함께 가니 가는 줄 모르고 사진 엄청 찍고 왔어요,긍정적
하슬라아트월드,강원도 명물 문화 시설 현 대 미술 중심 주제 하여 다양한 볼거리 제공 하고 유명한 동그라미 촬영소 는 피노키오 전시관 입구 알루미늄 시설 진입 하는 사이 있는데 웨이팅 상당한 편입 니 기다린만큼의 보람 있다고 여깁니다,긍정적
하슬라아트월드,야외 조 공원 실내 보다 훨씬 좋음 전 시 자체 퀄리티 는 날씨 흐려도 자연 어우러지는 나름 멋 있어서 굿 ,긍정적
하슬라아트월드, 번째 방문 바닷가 앞 있는 한적한 미술관 였는데 사진 만 무식하게 찍어 대는 인스타 충 때문 조금 힘드네요,부정적
하슬라아트월드,입장료 싼 게 아닌데 돈값 은 하네요 만족스러웠습니다 뭔가 정서 적 평온 주는 같은 곳 생각 보다 역 동 적 인 곳 구석구석 재미 숨겨진 곳,긍정적
하슬라아트월드,너무 멋있고 좋아요 하루 잡고 가야 할 듯,긍정적
하슬라아트월드,현 대 미술관 인 줄 알 고 가면 실망할 곳 근처 해군 함정 더 볼 만 했음 비엔날레 까진 아니라도 정도 작가 세계관 있을거라 생각 했는데 그냥 인증샷 용 미술관,부정적
하슬라아트월드,시설 자체 는 나름 볼거리 도 있고 재밌었어요 사진 찍기 도 좋구요 평일 가면 여유롭게 즐길수있을거 같아요 뷰 도 꽤 좋고 코스 도 지루하진 않아서 한번 은 가볼 만해 요 화장실 은 좀 불편하고 카페 는 티켓팅 하시는 곳 아래층 가시 면 있어요 주차장 은 아래쪽 에는 여유 있지만 위쪽 은 자리 군데 없고 주말 에는 주차 어려울거예요,긍정적
하슬라아트월드,비싸지만 바다 보기 좋은 곳,긍정적
하슬라아트월드,피노키오 전시관 나오는 길 줄 절대 서지 마세요 사진 찍는 줄이었는데 그것 도 모르고 시간 넘게 기다리고 있었네요 아무런 안내 도 없고 줄 만 길게 서있어서 당연히 조각 공원 가는 줄인줄 알 고 만 날렸습니다 줄이 있는 곳 표지판 에도 조각 공원 가는 길이 라고 써져있었고요 누가 날씨 사진 야외 시간 줄 서서 찍는지 이해 안되네요 줄 서면 서 너무 지쳐서 조각 공원 보지 도 않고 나왔습니다 뒤쪽 아무 도 모르고 서 있는 분 많았던 같은데 안타깝네요,부정적
하슬라아트월드,애견 동반 갈수 있는 곳 이라 좋았습니다만 다리 불편한 분 은 가지 마세용 엘베 없어서 엄마 이모 는 입장료 만 날림  젊은 사람 은 가볼 만해 요,긍정적
하슬라아트월드,비 많이 와서 야외 는 못 봤지만 작품 많아서 볼거리 많았어요,긍정적
하슬라아트월드,일출명소,긍정적
하슬라아트월드,한번 방문 할 만 합니다 우중 야외 산책 정말 좋았어요 가족 즐거운 보냈습니다,긍정적
하슬라아트월드,입장 할 남자 직원 분 친절,긍정적
하슬라아트월드,작품 년 째 변함이 없네요 이제 는 너무 낡었어요,긍정적
하슬라아트월드,인스타 사진 찍기용 미술관 포토 존 위주 작품 포토 존 앞 마스크 안 쓰고 다닥다닥 줄 서 있는데 직원 신경 도 안 씀 코로나 파티 입구 관리 허 술 해서 인근 거주 하면 표 없이도 들어갈수 있을거 같네요 조각 공원 은 땅굴 도 있고 산책로 도 잘 만들어져 있었어요 미술관 시간 조각 공원 시간 분 미술관 카페 분 있었어요,부정적
하슬라아트월드,가슴 시리도록 바다 보고싶을 론 떠나고싶을 왠지 가슴 답답할 그냥 아무 곳 이나 가고싶을 떠나세요 다 내려놓고 올수있는 힐링 자체,부정적
하슬라아트월드,이뻐요 근데 사람 많음,긍정적
하슬라아트월드,저희 는 반려견 입장 가능 이라고 해서 갔었는데 계단 으로만 이용 해야 해서 견모차 안된다고 하는게 아쉬웠어요 저희 는 셔틀 랜드 쉽 독 이랑 포메 키워서 내부 에서는 견모차 이동 하려고 했었거든요  포메 만 들어가야 해서 엄마 차 셀티 랑 남아 서 기다리셨어요  소형견 이외 견종 은 못 들어가면 애견 동 반 입장 이라고 만 쓰지말고 견모차 불가능하다고 알려주셨으면 좋겠어요,부정적
하슬라아트월드,원 값어치 만큼만 하네요 짜증나기도 했지만 적당 량 수준 좋은 전시 물들 복잡하기도 했지만 잘 봤어요,긍정적
하슬라아트월드,비추 비싼 입장료 비 해서 수선 하고 볼 게 없어요 냄새 나고 음산해서 공포 집 체험 하는 줄 알았어요 관리 제대로 안된거 같더라구요 두 번 다시 찾고싶지 않은 곳,부정적
하슬라아트월드,조 공원 중 정원 인상 깊었어요 조각 공원 올라가는데 분 정도 위치 환상 이고 경치 좋아요,긍정적
하슬라아트월드,독특한 작품 많고 사진 찍 곳도 많다 위 한 체험 도 있고 미로 같은 실내 뮤 지엄 산책길 좋은 조각 공원 즐겁게 관람 하기 좋다  세  세 엄청 좋아했습니다 움직이는 인형 철제 구조 물이 특히 좋았어요,긍정적
하슬라아트월드,볼거리 많고 산책길 도 넘 좋아요 작품 퀄리티 는 쏘 쏘 곳 일궈 낸 작가 부부 존경 스럽네요,긍정적
하슬라아트월드,사진 찍기 좋아한다면 강추 경 거리 많지만 두 번은 노노,긍정적
하슬라아트월드,예술 세계 모르는 사람 은 어려울 듯 사진 찍기 좋아하는 사람 은 좋을 듯,긍정적
하슬라아트월드,한번 쯤 은 다녀갈만 한 곳 개인 적 으로는 좋았고 사진 찍 곳도 많았음 계단 많고 의자 없으며 복잡한 길 비해 안내 표지판 없는 건 사람 접근성 떨어 트릴 거 라고 봄 크기 비해 주차장 도 부족해 보임 휴일 갈거라면 개장 동시 들어가는 걸 추천,부정적
하슬라아트월드, 굿 주차공간 협 소 입장료 아깝지 않네,긍정적
하슬라아트월드,날씨 좋은 날 넉넉히 한 바퀴 돌고오기 좋음,긍정적
하슬라아트월드,볼거리 많고 너무 좋았어요 다리 아파서 조 공원 은 못 봤지만 티켓 값 하는 공간 이었어요,긍정적
하슬라아트월드,볼거리 많고 아기자기한 소품 도 괜찮음 단점 라면 산 꼭대기 올라갔는데 오솔길 옆 난 풀 오솔길 침범 해서 반바지 치마 입고 지나가면 다리 풀독 오를것 같아서 되 돌아 나온게 아쉬워요 강릉 오면 반나절 내서 는걸 추천 함 천천히 구경 하고 간식 커피 마시면서 여유 느끼며 휴식 취할 수 있음,부정적
하슬라아트월드,피노키오 전시관 나와서 조각 공원 가는 길 줄 많이 서있던대 안내 문구 안 내 좀 해주세요 포톤 존 줄인줄도 모르고 멋머르 고 기다렸다가 만 낭비함,부정적
하슬라아트월드,눈 덮힌 하슬라 아트 월드 구름 낀 바다 피노키오 맛있는 초코케익 커피 내 맘  는 들어놨어요 올께요 친구 하고,긍정적
하슬라아트월드,운동 하기 좋습니다,긍정적
하슬라아트월드,좋아요 여긴 그냥,긍정적
하슬라아트월드,화장실 최악 여자 남자 잇고 옆 인데 위 아래 뚫렷 고 소리 다 들리고 여자 불안할 화장실 누가 설계 했는지 최악 시설 넓은데 화장실 최악,부정적
하슬라아트월드,겉보기 에만 예쁜 게 아니라 발상 재밌는 게 많음 피자 묶는 빨간 노끈 거미줄 처럼 만든다든지 쇠 파이프 하나로 대나무 갈대 둥지 표현 한다든지 꼭 인스타 아니더라도 미술 작품 감상 하러 가기 좋음,긍정적
하슬라아트월드,사진 찍고 하기엔 좋은데 어디가 이어지는지안 내 문 별로 없어서 아쉬움,부정적
하슬라아트월드,가격 은 일반 전시회 가격 인데 전시회 자체 는 좋게 말 하면 자유로운 객관 적 이야기 하면 전체 적 현 대 미술 모조리 모아놓은 느낌 이에요 주제 따라가는 전시 좋아하시는 분 은 패스 하시는 편이 나을 같아요,긍정적
하슬라아트월드,생각 보다 구석구석 볼거리 많음 식사 후방 문하 면 띡  좋을듯,부정적
하슬라아트월드,고소공포증 주의 정말 진짜 제일 중요한 걸 아무 도 안말하시네요 강릉 오면 꼭 볼 만 한 데 고소공포증 있는 사람 은 진심 안 오시는게 나아요 관람 코스 외부 파이프 만들어진 곳 지나가야하는데 진심 개 무섭습니다 애기 도 너무 무서워서 돌아나가고요 사람 절반 정도 대부분 중간 돌아서 나감  특히 비오면 위험하니 안 미끄러운 안전한 운동화 신고오세요,부정적
하슬라아트월드,외부 는 바다 풍경 이뻐서 좋은데 내부 는 이상한 피노키오 기괴한 작품 즐비한 메이플스토리 루디브리엄 같네요 인터넷 만 천원 인데타사 외국인 전용 은 천원 대인것도 별로,부정적
하슬라아트월드, 관 들어갔는데 인형 공포증 있어서 그런지 진짜 무서웠음  재미 는 있지만 진짜 앉을데가 없다,부정적
하슬라아트월드,굳이,긍정적
하슬라아트월드,진짜 별 루 에요 진짜 돈 낭비 고 기분 엄청 나쁨,부정적
하슬라아트월드,주말 일찍 갔었는데 차가 많더라구요 근데 잘 꾸며 놔서 포토 존 기다리면서 찍었는데 역시 포토 존 인 이유 있네요,긍정적
하슬라아트월드,가격 좀 비싸긴 했지만 볼 게 많았어요,긍정적
하슬라아트월드,진짜 최 악 그냥 노잼 앉을 자리 도 안 만들고 게 뭐 하는 짓 이야 너무 어지러워 통로 몇개 냐 알바생 눈 똑바로 떠라 쳐 맞고 정신차리지 말 고 레스토랑 너무 비싸,부정적
하슬라아트월드,생각 보다 볼거리 는 많았어요 뷰 도 이쁘구요 주차 너무 별로 였어요 한쪽 줄 세워 한대 씩 가게끔 해야지 빙글빙글 돌다 자리나면 그냥 들어가면 먼저 기다리는 사람 열 받아서 싸움 나겠던데요 주 차요 원 아저씨 완전 불친절,부정적
하슬라아트월드,실내 전시 는 개인 적 으론 무료 전시 라도 안 볼 퀄리티,부정적
하슬라아트월드,이뻐요 사진 많이 건짐,긍정적
하슬라아트월드,진짜 야외 조각 공원 올라가면 가슴 시원해 집니다 올레 전시관 도 괜찮아요,긍정적
하슬라아트월드,입장료 원 올랐습니다 주관 적 인 평  강릉 시내 가는 길이 꽤 멀다  위치 언덕 있는데 주차 자리 없으면 밑 주차 하고 한참 올라와 야합니다 여름 에는 지쳐요  화장실 최악 일부러 킹 받게 만든 건지 남녀 구분 도 잘 안되어있고 조형 물 한 복판 화장실 랍시고 만들어놓고 문 시정 장치 도 없어요  작품 감성 살짝  대 감성  통로 좁고 길 안내 잘 안되어있습니다  동그라미 포토 존 에만 사람 엄청 줄 서 있고 원 내고 사진 찍으러 가는 느낌  바깥 바다 보이는 풍경 은 일품  주변 카페 하나 있는데 강 추합니다 홍보 아니고 훨씬 갬 성,부정적
하슬라아트월드,주 차요 원 싸가지 없음 화 풀이 애먼 사람 한 태 함,부정적
하슬라아트월드,전시품 도 딱히 감흥 도 없고 그냥 놀이 공원 소품 모아놓은 느낌이었어요 앉아서 쉴 곳도 마땅치 않고 야외 전시 도 너무 오르막 길 연속 이라 너무 힘들었네요 제일 충격 적인건 야외 돌 뮤 지엄 큰 천막 돌뮤 지엄 이라고 있길래 힘들게 올라가서 봤는데 걍 커다란 돌 덩이 하나 메달 놓은  다 게 뭐 냐 고 어이없어하면서 지나가더군요 날씨 좋은 계절 바다 랑 풍경 보러 갈 겸 가면 나름 괜찮을 같은데 겨울 이라 그런지 춥고 잔디 도 초록 초록 하 지 않고 입장료 아까웠네요 가실 가면 겨울 은 피 하세요,부정적
하슬라아트월드, 주차 공간 협소 자리 없으면 밑 주차 하고 걸어 올라가야 함  요금 수준 비해 비쌈 실내 전시 는 무료 라고 해도 안 볼 수준 임  현 대 미술 이라고 해논 작품 난해하고 기괴함 작품 설명 부실함 종이 코팅 해서 붙여놓음  야외 풍경 은 예쁨 공원 은 볼 게 없고 오르막 이라 힘듦,부정적
하슬라아트월드,주차공간 너무 부족해서 별 하나 뺐습니다,긍정적
하슬라아트월드,피노키오 박물관 가세 요 김영하 작가 추천 함 따 라따 라따 따따 짜릿짜릿할거다 궁금 투성이 꼼짝 마라,긍정적
하슬라아트월드,이쁨,긍정적
하슬라아트월드,입장료 원 한번은 가볼만 한 곳,부정적
하슬라아트월드,알 쓸 신잡 나온 곳 가족 나들이 하기에 딱이다,긍정적
하슬라아트월드,풍경 맛집 주차 공간 부족하긴 해 요,긍정적
하슬라아트월드,뷰 좋은 같습니다,긍정적
하슬라아트월드,입구 차가 쭉 주차 되어 있어요 주차 자 협소하 지만 볼것 즐길것 가득해요 정말 아름다운 미술관 너무 좋아하고 흥미 가득한 곳,긍정적
하슬라아트월드,너무 비싸고 감흥 없음,부정적
하슬라아트월드,한번 은 가볼만 가라 하면 고민 됨 ,부정적
하슬라아트월드,사진 찍기 좋은 복잡한 조 정신 없음,부정적
하슬라아트월드,추천 안해 요 관리 너무 안되어있어요 포토 존 몇개 보러 굳이 흐리면 정말 기묘한 곳,부정적
하슬라아트월드,강릉 정동진 사이 강릉 푸른 바다 한눈 보여 한번 쯤 방문 해볼만 개인 적 전시 보다는 바다 뷰 더 마음 들었음 부가 좋아서 호텔 도 이용 해보면 좋을 거 같음 조 공원 은 엄청 크니 마음 단디 먹고 가시길 체감 상 산 한개 오름,긍정적
하슬라아트월드,인스타 충 좋아할 같음 입장료 개비 쌈 통로 좁고 복잡함 계단 너무 많음 어르신 많이 힘들어 하실듯 현 대 미술 원래 좀 난해하긴 한데이건 극한 난이도 였음  작품 대한 설명 도 안 써있고 안 내도도 없고 어휴 돈 아까웠음 그나마 뷰 맛집,부정적
하슬라아트월드,주차 조금 아쉬운듯 하나 볼것 많고 여유 즐기다 올수,긍정적
하슬라아트월드,강릉 사진 맛집,긍정적
하슬라아트월드,미술관 전시관 도 너무 이뻤지만 호텔 최고 였어요  뷰 도 너무 좋고 호텔 본 해돋이 너무 이뻤어요 기회 되시면 꼭 호텔 도 숙박 하시길 추천 드려요,긍정적
하슬라아트월드,월 갔었는데 돈 주고 화 만남 피노키오 관 있는 남자 알바생 일하기 싫으면 관 두지 게 왠 불친절 진짜 어이없음 출구 어딘지몰 라 한번 물었더니 대략 설명 해주면 될것을 왔던 길 돌아가세 요 래 돌아가는지 물으니 뒤 요 뒤 똑 죠 지금 걸어 나온 길이 요 지금 걸어 나온 길이 하니 오셨던길 요 식 귀찮단 듯이 자꾸 이상한 스무고개 말장난 인지 큰 요구 도 아녔고 한마디 만 제대로 대답 해주는게 그리 함 든 일인 지 바쁘지도 않으면서 봐도 귀찮아하는 모습 넘 짜증났음 본인 이야 여길 맨날 오지 만 우린 처음 이니 햇 갈릴수 있고 오른쪽 완쪽 방향 찾는 방법 물 은 건데 저딴 식 자꾸 단어 만 바꿔서 똑같은 말장난 안내 하니 싸우자는 건지 대놓고 뭐라하고 싶었는데 콜 택시 기다리고있어서 빨리 나올수밖에 없었음 불친절한 알바생 쓸거면 출구 길 좀 헷갈리지 않게 표시 잘 해 두던 가물어 볼일 없게 미로 같고 정신 사납고 힘듦 돈 아까 움 시설 물 도 높고 계단 도 많아서 볼거리 비해 어른 모시 고 가긴 불편함 굿 즈 도 퀄리 티애 비해 비쌈 미술품 도 걍 뷰 값 내고 왔다 쳤음,부정적
하슬라아트월드,조 공원 도 멋지고 숙소 도 좋음,긍정적
하슬라아트월드,가볼만 한 곳,긍정적
하슬라아트월드,하루 전 표 사서오세요 원 할인 조각 공원 조성 잘 되어 있음,긍정적
하슬라아트월드,인생 샷 포인트 도 많고 볼거리 다양 굉장히 넓음,긍정적
하슬라아트월드,기 대 중간 중간 소홀한 부분 도 보이긴 하지만 나름 괜찮은 같았고 애 과도 좋은 보냈습니다 화장실 조금 아쉽 기는 했어요,긍정적
하슬라아트월드,바다 탁 트여서 시원합니다 사진 이쁘게 잘나와요,긍정적
하슬라아트월드,갤러리 미로,긍정적
하슬라아트월드,공원 도 전 시 실 도 볼거리 많고 사진 찍기 도 좋아요 바다 뷰 도 좋아요 공원 에서는 힐링 할 수 있어요 한가지 아쉬운건 작품 설명 안되어 있어서 작품 감상 에는 아쉬움 남았어요,긍정적
하슬라아트월드,볼 게 너무 없음 입장료 너무 아까 움 볼거는 뷰 밖에,부정적
하슬라아트월드,포토 존 도 많고 볼거리 꽤 많았어요  날 시원할 가면 더 좋을듯,긍정적
하슬라아트월드,입장 는 퀘퀘 한 곰팡이 냄새 때문 관람 이고 뭐 고 그냥 나왔네요 내부 카페 도 먼지 많고 관리 안되는 찐득한 테이블 맛없는 커피,부정적
하슬라아트월드,진짜 대박 현대 미술 좋아하시는 분들 꼭 가세 요 사진 찍 거 많아요 산책로 는 별로 추천 안 합니다,부정적
하슬라아트월드,년 전에 갔을 날씨 도 엄청 좋았고 바다 뷰 도 좋았던 추억 있었다 인권 비 보수 이유 현재 는 성인  입장료 엄청 싸지는 않지만 날 좋을 땐 야외 정원 다 돌아볼 수 있으니 개인 적 인 생각 에선 합리 적 인 금액 이라고 생각 든당 엔 비가와 야외 공원 패스 년 도엔 쇠 파이프 없었고 동그라미 포토 존 도 없었음 당시 봤던 작품 은 적재적소 맞게 옮겨진 느낌이었음 확장 한 뒤 더 유명해져서 사람 도 더더 많아진듯 함나는 들어올 빠지는 차가 있어서 주차 난 은 없었긴 하다 주차장 막 엄청 좁진 않은데 그만큼 사람 도 많아져서 사람 올라오는 길 주차 하고오더라 마지막  번째 사진 은 년 도에 확장 전 방문 했을 한적함 공허함 차분함난 갈 마다 좋았던 기억 이라 갈거 임,긍정적
하슬라아트월드,주차 전쟁,부정적
하슬라아트월드,핫스팟 사진 찍기 너무 좋아요 인생 샷 레츠고 주차 몇대 안되니 최대한 가깝게 아무 대,긍정적
하슬라아트월드,현대인 지적 허영 심 만들어 낸 결과물 여행 목적 인스타그램 업로드 할 과시 용 사진 수집 하는 사람 위 한 완벽한 원 짜리 장소,부정적
하슬라아트월드,볼거 많고 다 좋았는데 마지막 코스 카페 앞 화장실 청소 안해 서 너무 더러웠어요,부정적
하슬라아트월드,위 조각 공원 가셔서 바다 뷰 보셔야 진정 즐긴거에요 꼭 가세 요,긍정적
하슬라아트월드,넘 이뻐여 사진 찍 오고싶어요,긍정적
하슬라아트월드,작품 대 한 설명 뭐 이런건 없음 그냥 비 오는 날 사진 찍으러 갈만 한 곳,부정적
하슬라아트월드,볼 게 너무 많아서 바빴음 산책 하면서 둘러보기 정말 좋음,긍정적
하슬라아트월드,현대 미술,긍정적
하슬라아트월드,레스토랑 짱 비싸,긍정적
하슬라아트월드,은근 볼거 많고 관 이동 할 통로 재밌어요 포토 존 도 대여섯 곳 있었고 야외 시설 바다 뷰 도 너무 좋았음 찾아서 갈 정도 는 아니더라도 여행 왔을 한번 쯤 들를만 합니다,긍정적
하슬라아트월드,노약 자 절대 가지 마세요 엘리베이터 못 탑니다 계단 엄청 많습니다 원 웨이 일방 통행 이라 불편합니다 일반인 도 가지 마세요 볼 없습니다 별 점  점도 아까운 마음 뭔 지 알 고 왔네요 비 추천,부정적
하슬라아트월드,멋지고 생각 보다 볼 게 많았어요 앞 바다 도 볼 수 있어서 좋았구요 인터넷 예약 하면 할인 받을 수 있으니 할인 받으세요 조각 공원 은 가을 가야 좋을 같아요 여름 은 너무 더움 ,긍정적
하슬라아트월드,인터넷 예약 하면 좀 저렴하게 갈수있어요,긍정적
하슬라아트월드,강릉 여행 간다 면 한번 쯤 은 꼭 가보 라고 하고 싶어요 남녀 노소 즐기기 좋은 관광지 였고 볼거리 도 많습니다,긍정적
하슬라아트월드,신기한 조형 물이 많아 볼 꺼리가 많아요,긍정적
하슬라아트월드,음 괜찮네요,긍정적
하슬라아트월드,하슬라,긍정적
하슬라아트월드,입장료  아깝지 않아요 강릉 가시 게 되면 꼭 방문 하세요,긍정적
하슬라아트월드,디자인 옥상 야외 는 철근 구조 되어있어서 인상 깊었어요 비 왔을 가면 미끌거려서 무서운 점  뷰 도 바다 뷰 여서 좋았고 실내 시간 정도 구경 할 수 있어서 좋았어요,긍정적
하슬라아트월드,강릉 비올 가기 최고 장소 생각 보다 볼 거리 많고 포토 스팟 도 많아서 사진 많이 남길 수 있다 비 안 왔다면 조 공원 도 볼 수 있었을텐데 아쉽다  담 에는 호텔 도 이용 하고 싶다,긍정적
하슬라아트월드,볼 매우 많고 사진 포인트 도 많아 시간 정도 소요 됨다만 학생 단체 동선 겹 쳤는데 정말 마구 만져 대는 대도 그걸 제지 하는 사람 없다는게 아쉬웠다,부정적
하슬라아트월드,기대 안 하고 가서 그런지 너무 좋았어요 입장료 원 첨 엔 좀 비싼 느낌이었는데 전혀 아깝지 않았어요 평일 오전 인데 도 사람 꽤 있더라고요 휴일 은 복잡한 피해 서 가야 사진 제대로 찍을거 같아요,긍정적
하슬라아트월드,아기자기 이쁜 작품 도 많고 경치 도 좋은 굿굿굿,긍정적
해안도로,드라이브 코스,긍정적
해안도로,드라이브 하기에 너무 좋은 도로,긍정적
해안도로,정동진 가는 길 심곡항 바다 부채 길 오르막 오르기 전 해안 도로 동해안 통틀어 가장 아름 다운 바 닷 길 동해안 자전거 종주 중 만난 최고 뷰 정동진 볼 거 없다는 생각 들게 만든 길,긍정적
해안도로,동해안 최고 해안 드라이브 코스 아닐까 지척 있는 기 암석 바다 하지만 좁은 도로 경관 좋아 자칫 하면 고위 험있으니 한눈팔기 금지,긍정적
해안도로,최악,부정적
해안도로,헌화,긍정적
해안도로, 헌화,긍정적
해파랑길 36코스(바우길08구간),험하지 않은 길 좋다 오르락내리락 간간히 보이는 바다 바람 불어 주어 좋다 길다면 중간 내려가는 길도 있어 좋다하지만 끝  키로 가까운 길 걸었 다다른 코스 도 가봐야겠다,긍정적
해파랑길 36코스(바우길08구간),지루하고 힘든 시간 이상의 산길 그냥 정동진  코스 시 작 점  코스 끝 지점 솔바람 다리 바닷가 한 코스 만들어야,부정적
해파랑길 39코스(바우길05구간),코스 내내 평지 걷습니다 편의점 숙소 코스 내내 있어서 보급 도 쉽습니다 종점 시 작 점 택시 비 만원 가량,긍정적
해파랑길 39코스(바우길05구간),걸으면서 보는 경치 최고 적극 추천 합니다,긍정적
향호해변,자릿세 는 뭔 지 모르겠네요 안타깝게 호구 잡히셨네요 ,부정적
향호해변, 버스정류장 있는 예쁜 해변,긍정적
향호해변,수평선 잘 보이고 정말 예뻤어요,긍정적
향호해변,물 깨끗하고 한적함,긍정적
향호해변, 버정인지도 몰랐던 쪽 뒤 나무 그늘 진 자리 돗자리 펴고 누워있었는데요 자릿세 만원 내는게 맞는 건가 요 텐트 치고 숙박 시 만원 이라는데관련시설물을 사용 한 도 없는데 이용 료 내야 하는지 모르겠어요,부정적
향호해변,해변 한적하고 이쁨,긍정적
허난설헌생가터,겨울 가면 겁나 따뜻함 바람 안 불 고 햇빛 쨍쨍,부정적
허난설헌생가터,간단하게 산책 하고 둘러보기 좋습니다,긍정적
허난설헌생가터,허균 허난설헌 영정 있어요 영정 은 사진촬영 금지 남매 중 누나 예쁜 편,부정적
허난설헌생가터,고택 은 사람 살았다는 느낌 안 나는데 생활 흔적 느껴져서 좋았습니다,긍정적
허난설헌생가터,월요일 이라 사람 없어서 쾌적하다고 했는데 월요일 이라 닫았다는 비극 찬찬히 산책 하다 보면 옆 건너갈수 있음 아르떼 사진 찍는거에 목적 뮤 지엄 밖 사진 찍고 인증 밖 있는 카페 이용 하는게 팁 참고 가격 대비 컵 좀 작음 맛 은 괜춘 근데 거기 특별 메뉴 는 진용 으로만 시키는걸 추천 넘나 쁘띠 함,부정적
허난설헌생가터,날씨 좋은 날 갔는데 너무 좋았음 생가 도 잘 보존 되어 있는 같고 조경 신경 쓰신 게 느껴짐 산책길 아름답고 나무 꽃풀 구경만 해도 기분 너무 좋아짐,긍정적
허난설헌생가터,관리 매우 잘 해놓으신 듯 합니다,긍정적
허난설헌생가터,생가 터 뒤 소나무 숲 정말 좋다,긍정적
허난설헌생가터,강추 특히 조선시대 집구 조를 알수있음,긍정적
허난설헌생가터,고 즈 넉 하고 해송 림 도 너무 아름답습니다 강추,긍정적
허난설헌생가터, 기념관 옆 위치 한 생가 터 비극 적 인 죽음 허씨 남매 꽃 피는 봄 오면 좋다는데 지금 은 그냥 산책 사진 생가 터 전경 허균 허난설헌,부정적
허난설헌생가터,보존 상태 꽈 조  다집 뒷쪽 소 나무숲 도 인상 적,긍정적
허난설헌생가터,뒷 편 키 큰 벚꽃 있네요,긍정적
허난설헌생가터,산책 하면서 힐링 하기 좋은 곳 소나무 특히 멋있음,긍정적
